sample,elapsed_ms,elapsed_us,temp_c,resistance_ohm,delta_from_baseline,pct_of_step
1,16.0648,16065,25.9374,110.0983,2.6122,5.36
2,33.2719,33272,25.9712,110.1114,2.6460,5.43
3,49.3691,49369,25.9374,110.0983,2.6122,5.36
4,66.4480,66448,25.9374,110.0983,2.6122,5.36
5,82.8434,82843,25.9712,110.1114,2.6460,5.43
6,103.4806,103481,26.0051,110.1245,2.6799,5.50
7,116.2534,116253,26.0051,110.1245,2.6799,5.50
8,133.0286,133029,26.0389,110.1376,2.7137,5.57
9,150.0367,150037,26.0051,110.1245,2.6799,5.50
10,166.1922,166192,26.0389,110.1376,2.7137,5.57
11,183.5294,183529,26.0389,110.1376,2.7137,5.57
12,199.5544,199554,26.0389,110.1376,2.7137,5.57
13,218.2222,218222,26.0728,110.1508,2.7476,5.64
14,233.0838,233084,26.1404,110.1770,2.8152,5.78
15,255.0741,255074,26.4450,110.2951,3.1198,6.40
16,266.8348,266835,26.9188,110.4788,3.5936,7.38
17,283.0518,283052,27.5281,110.7150,4.2029,8.63
18,300.3049,300305,28.1713,110.9644,4.8461,9.95
19,316.3923,316392,28.8147,111.2137,5.4895,11.27
20,333.6968,333697,29.4581,111.4630,6.1329,12.59
21,349.8417,349842,30.1018,111.7123,6.7766,13.91
22,368.8854,368885,30.7116,111.9485,7.3864,15.16
23,383.3319,383332,31.2538,112.1585,7.9286,16.27
24,404.8525,404852,31.7961,112.3685,8.4709,17.38
25,417.0679,417068,32.3045,112.5653,8.9793,18.43
26,433.3196,433320,32.7791,112.7490,9.4539,19.40
27,450.4710,450471,33.2538,112.9327,9.9286,20.38
28,466.6333,466633,33.7625,113.1296,10.4373,21.42
29,483.8097,483810,34.2713,113.3264,10.9461,22.46
30,500.1688,500169,34.7801,113.5233,11.4549,23.51
31,520.4942,520494,35.2551,113.7070,11.9299,24.48
32,533.5555,533556,35.7301,113.8907,12.4049,25.46
33,555.5515,555551,36.1713,114.0613,12.8461,26.36
34,567.4300,567430,36.5786,114.2188,13.2534,27.20
35,583.6420,583642,37.0199,114.3893,13.6947,28.11
36,601.8029,601803,37.3933,114.5337,14.0681,28.87
37,617.0023,617002,37.7668,114.6780,14.4416,29.64
38,638.8526,638853,38.1404,114.8224,14.8152,30.41
39,650.7180,650718,38.4800,114.9536,15.1548,31.10
40,666.9898,666990,38.8196,115.0848,15.4944,31.80
41,684.2604,684260,39.1253,115.2029,15.8001,32.43
42,700.3273,700327,39.3971,115.3079,16.0719,32.98
43,717.7245,717724,39.7028,115.4260,16.3776,33.61
44,733.8148,733815,39.9746,115.5310,16.6494,34.17
45,753.1908,753191,40.2805,115.6491,16.9553,34.80
46,767.2901,767290,40.5523,115.7541,17.2271,35.36
47,788.1506,788151,40.8582,115.8722,17.5330,35.98
48,801.0118,801012,41.1301,115.9772,17.8049,36.54
49,817.2060,817206,41.3680,116.0690,18.0428,37.03
50,834.4614,834461,41.6400,116.1740,18.3148,37.59
51,850.5722,850572,41.9119,116.2790,18.5867,38.15
52,867.7230,867723,42.1499,116.3708,18.8247,38.63
53,884.1173,884117,42.3879,116.4627,19.0627,39.12
54,904.2932,904293,42.6259,116.5546,19.3007,39.61
55,917.4731,917473,42.8640,116.6464,19.5388,40.10
56,936.8748,936875,43.1020,116.7383,19.7768,40.59
57,951.3283,951328,43.3061,116.8170,19.9809,41.01
58,967.4719,967472,43.5442,116.9089,20.2190,41.50
59,984.6952,984695,43.7483,116.9876,20.4231,41.91
60,1000.8643,1000864,43.9524,117.0663,20.6272,42.33
61,1018.5157,1018516,44.1565,117.1451,20.8313,42.75
62,1034.3575,1034357,44.3946,117.2369,21.0694,43.24
63,1055.5784,1055578,44.5648,117.3026,21.2396,43.59
64,1067.7644,1067764,44.7689,117.3813,21.4437,44.01
65,1084.4677,1084468,44.9390,117.4469,21.6138,44.36
66,1101.5813,1101581,45.1432,117.5256,21.8180,44.78
67,1117.6444,1117644,45.3134,117.5912,21.9882,45.13
68,1134.9593,1134959,45.5176,117.6700,22.1924,45.55
69,1151.0704,1151070,45.6877,117.7356,22.3625,45.90
70,1169.2782,1169278,45.8579,117.8012,22.5327,46.24
71,1184.5488,1184549,46.0281,117.8668,22.7029,46.59
72,1206.4500,1206450,46.1983,117.9324,22.8731,46.94
73,1218.1804,1218180,46.3685,117.9980,23.0433,47.29
74,1234.5417,1234542,46.5387,118.0637,23.2135,47.64
75,1251.8402,1251840,46.6749,118.1161,23.3497,47.92
76,1267.8944,1267894,46.8111,118.1686,23.4859,48.20
77,1285.1971,1285197,46.9473,118.2211,23.6221,48.48
78,1301.3459,1301346,47.0835,118.2736,23.7583,48.76
79,1320.5980,1320598,47.2538,118.3392,23.9286,49.11
80,1334.7585,1334758,47.3900,118.3917,24.0648,49.39
81,1356.8116,1356812,47.5262,118.4442,24.2010,49.67
82,1368.5479,1368548,47.6965,118.5098,24.3713,50.02
83,1384.7125,1384712,47.8667,118.5754,24.5415,50.37
84,1401.9199,1401920,47.9689,118.6148,24.6437,50.58
85,1418.0582,1418058,48.1052,118.6673,24.7800,50.86
86,1435.1170,1435117,48.2755,118.7329,24.9503,51.21
87,1451.5929,1451593,48.3776,118.7723,25.0524,51.42
88,1472.1167,1472117,48.5139,118.8248,25.1887,51.70
89,1484.9286,1484929,48.6161,118.8641,25.2909,51.91
90,1505.2622,1505262,48.7524,118.9166,25.4272,52.18
91,1518.7187,1518719,48.8886,118.9691,25.5634,52.46
92,1534.8755,1534875,48.9908,119.0085,25.6656,52.67
93,1552.3041,1552304,49.0590,119.0347,25.7338,52.81
94,1568.3541,1568354,49.1953,119.0872,25.8701,53.09
95,1589.6892,1589689,49.3316,119.1397,26.0064,53.37
96,1601.7600,1601760,49.4678,119.1922,26.1426,53.65
97,1618.9024,1618902,49.5701,119.2316,26.2449,53.86
98,1635.6731,1635673,49.6382,119.2578,26.3130,54.00
99,1651.7035,1651703,49.8086,119.3234,26.4834,54.35
100,1668.9826,1668983,49.9108,119.3628,26.5856,54.56
101,1685.1577,1685158,50.0472,119.4153,26.7220,54.84
102,1704.6943,1704694,50.1494,119.4547,26.8242,55.05
103,1718.5698,1718570,50.2516,119.4940,26.9264,55.26
104,1740.1319,1740132,50.3539,119.5334,27.0287,55.47
105,1752.4005,1752401,50.4561,119.5728,27.1309,55.68
106,1768.5502,1768550,50.5584,119.6121,27.2332,55.89
107,1785.7422,1785742,50.6947,119.6646,27.3695,56.17
108,1801.8712,1801871,50.8311,119.7171,27.5059,56.45
109,1819.4487,1819449,50.9334,119.7565,27.6082,56.66
110,1835.4808,1835481,51.0015,119.7827,27.6763,56.80
111,1856.8788,1856879,51.1379,119.8352,27.8127,57.08
112,1868.8041,1868804,51.2743,119.8877,27.9491,57.36
113,1885.4851,1885485,51.3765,119.9271,28.0514,57.57
114,1902.5586,1902559,51.4788,119.9664,28.1536,57.78
115,1918.7036,1918704,51.6152,120.0189,28.2900,58.06
116,1936.1572,1936157,51.6834,120.0452,28.3582,58.20
117,1952.1229,1952123,51.8198,120.0977,28.4946,58.48
118,1970.2722,1970272,51.9221,120.1370,28.5969,58.69
119,1985.6178,1985618,52.0244,120.1764,28.6992,58.90
120,2007.0347,2007035,52.1267,120.2158,28.8015,59.11
121,2019.2758,2019276,52.1949,120.2420,28.8697,59.25
122,2035.6911,2035691,52.3313,120.2945,29.0061,59.53
123,2052.8184,2052818,52.3995,120.3207,29.0743,59.67
124,2068.9090,2068909,52.5018,120.3601,29.1766,59.88
125,2086.1898,2086190,52.5700,120.3864,29.2448,60.02
126,2102.3074,2102307,52.7065,120.4388,29.3813,60.30
127,2121.1437,2121144,52.8088,120.4782,29.4836,60.51
128,2135.8469,2135847,52.8770,120.5045,29.5518,60.65
129,2157.7540,2157754,52.9452,120.5307,29.6200,60.79
130,2169.6798,2169680,53.0135,120.5569,29.6883,60.93
131,2185.8161,2185816,53.1158,120.5963,29.7906,61.14
132,2202.9619,2202962,53.1840,120.6226,29.8588,61.28
133,2219.1037,2219104,53.2863,120.6619,29.9611,61.49
134,2236.5733,2236573,53.3546,120.6882,30.0294,61.63
135,2252.6087,2252609,53.4228,120.7144,30.0976,61.77
136,2272.7355,2272735,53.4910,120.7407,30.1658,61.91
137,2286.0131,2286013,53.5593,120.7669,30.2341,62.05
138,2306.9215,2306922,53.6616,120.8063,30.3364,62.26
139,2319.8189,2319819,53.7299,120.8325,30.4047,62.40
140,2335.9573,2335957,53.8322,120.8719,30.5070,62.61
141,2353.1711,2353171,53.9004,120.8981,30.5752,62.75
142,2369.3334,2369333,53.9687,120.9244,30.6435,62.89
143,2386.9015,2386901,54.0369,120.9506,30.7117,63.03
144,2402.8686,2402869,54.1052,120.9769,30.7800,63.17
145,2424.2682,2424268,54.2075,121.0162,30.8823,63.38
146,2436.2992,2436299,54.3099,121.0556,30.9847,63.59
147,2452.9031,2452903,54.3440,121.0687,31.0188,63.66
148,2470.0291,2470029,54.4123,121.0950,31.0871,63.80
149,2486.1701,2486170,54.4805,121.1212,31.1553,63.94
150,2503.6079,2503608,54.5488,121.1475,31.2236,64.08
151,2519.5818,2519582,54.6512,121.1868,31.3260,64.29
152,2538.0714,2538071,54.7194,121.2131,31.3942,64.43
153,2553.3229,2553323,54.7877,121.2393,31.4625,64.57
154,2569.7212,2569721,54.8559,121.2656,31.5307,64.71
155,2586.8694,2586869,54.9242,121.2918,31.5990,64.85
156,2602.9751,2602975,54.9583,121.3049,31.6331,64.92
157,2620.4801,2620480,55.0266,121.3312,31.7014,65.06
158,2636.4565,2636456,55.1290,121.3705,31.8038,65.27
159,2655.7138,2655714,55.1972,121.3968,31.8720,65.41
160,2669.8819,2669882,55.2655,121.4230,31.9403,65.55
161,2691.5252,2691525,55.3338,121.4493,32.0086,65.69
162,2703.7630,2703763,55.4020,121.4755,32.0768,65.83
163,2719.8635,2719863,55.4703,121.5018,32.1451,65.97
164,2737.0297,2737030,55.5386,121.5280,32.2134,66.11
165,2753.1548,2753155,55.6069,121.5543,32.2817,66.25
166,2770.8769,2770877,55.6751,121.5805,32.3499,66.39
167,2786.7211,2786721,55.7434,121.6068,32.4182,66.53
168,2808.1803,2808180,55.8458,121.6461,32.5206,66.74
169,2820.1444,2820144,55.9141,121.6724,32.5889,66.88
170,2837.1178,2837118,55.9824,121.6986,32.6572,67.02
171,2853.8816,2853882,56.0507,121.7249,32.7255,67.16
172,2870.0127,2870013,56.0848,121.7380,32.7596,67.23
173,2887.3148,2887315,56.1531,121.7642,32.8279,67.37
174,2903.4175,2903417,56.2214,121.7905,32.8962,67.51
175,2921.6099,2921610,56.2897,121.8167,32.9645,67.65
176,2936.9158,2936916,56.3921,121.8561,33.0669,67.86
177,2958.5371,2958537,56.4263,121.8692,33.1011,67.93
178,2970.5186,2970519,56.4945,121.8954,33.1693,68.07
179,2986.9733,2986973,56.5970,121.9348,33.2718,68.28
180,3004.2001,3004200,56.6653,121.9611,33.3401,68.42
181,3020.2449,3020245,56.7336,121.9873,33.4084,68.56
182,3037.5518,3037552,56.8360,122.0267,33.5108,68.78
183,3053.7401,3053740,56.8702,122.0398,33.5450,68.85
184,3073.2681,3073268,56.9385,122.0660,33.6133,68.99
185,3087.1368,3087137,57.0068,122.0923,33.6816,69.13
186,3108.9694,3108969,57.0751,122.1185,33.7499,69.27
187,3120.8757,3120876,57.1434,122.1448,33.8182,69.41
188,3137.0480,3137048,57.2117,122.1710,33.8865,69.55
189,3154.3409,3154341,57.2800,122.1973,33.9548,69.69
190,3170.4266,3170427,57.3483,122.2235,34.0231,69.83
191,3187.8775,3187877,57.3825,122.2366,34.0573,69.90
192,3203.9908,3203991,57.4508,122.2629,34.1256,70.04
193,3225.0977,3225098,57.5191,122.2891,34.1939,70.18
194,3237.3648,3237365,57.5874,122.3154,34.2622,70.32
195,3254.1162,3254116,57.6557,122.3416,34.3305,70.46
196,3271.0872,3271087,57.7240,122.3679,34.3988,70.60
197,3287.2707,3287271,57.7924,122.3941,34.4672,70.74
198,3304.6122,3304612,57.8265,122.4072,34.5013,70.81
199,3320.6269,3320627,57.9290,122.4466,34.6038,71.02
200,3338.3668,3338367,57.9632,122.4597,34.6380,71.09
201,3354.1588,3354159,58.0315,122.4860,34.7063,71.23
202,3375.7409,3375741,58.0998,122.5122,34.7746,71.37
203,3387.6499,3387650,58.1681,122.5385,34.8429,71.51
204,3404.2436,3404244,58.2023,122.5516,34.8771,71.58
205,3421.3645,3421365,58.2706,122.5778,34.9454,71.72
206,3437.5266,3437527,58.3731,122.6172,35.0479,71.93
207,3454.8545,3454855,58.4073,122.6303,35.0821,72.00
208,3470.9714,3470971,58.4756,122.6566,35.1504,72.14
209,3490.3285,3490329,58.5440,122.6828,35.2188,72.28
210,3504.3721,3504372,58.5781,122.6959,35.2529,72.35
211,3526.1416,3526142,58.6465,122.7222,35.3213,72.49
212,3538.1206,3538121,58.7148,122.7484,35.3896,72.63
213,3554.9489,3554949,58.7490,122.7615,35.4238,72.70
214,3572.8516,3572852,58.7831,122.7747,35.4579,72.77
215,3587.8495,3587850,58.8515,122.8009,35.5263,72.91
216,3609.4462,3609446,58.9198,122.8271,35.5946,73.05
217,3621.6024,3621602,58.9882,122.8534,35.6630,73.19
218,3637.7846,3637785,59.0565,122.8796,35.7313,73.33
219,3655.0407,3655041,59.0565,122.8796,35.7313,73.33
220,3671.1138,3671114,59.1248,122.9059,35.7996,73.47
221,3688.2692,3688269,59.1932,122.9321,35.8680,73.61
222,3704.6514,3704651,59.2615,122.9584,35.9363,73.75
223,3724.7734,3724773,59.2957,122.9715,35.9705,73.82
224,3738.0451,3738045,59.3641,122.9977,36.0389,73.96
225,3760.0550,3760055,59.4324,123.0240,36.1072,74.10
226,3771.8717,3771872,59.4666,123.0371,36.1414,74.17
227,3787.9730,3787973,59.5008,123.0502,36.1756,74.24
228,3805.1958,3805196,59.5691,123.0765,36.2439,74.38
229,3821.3484,3821348,59.6033,123.0896,36.2781,74.45
230,3838.7777,3838778,59.6717,123.1158,36.3465,74.59
231,3854.8526,3854853,59.7058,123.1290,36.3806,74.66
232,3876.0308,3876031,59.7400,123.1421,36.4148,74.74
233,3888.2761,3888276,59.8084,123.1683,36.4832,74.88
234,3904.9639,3904964,59.8767,123.1946,36.5515,75.02
235,3922.0312,3922031,59.9109,123.2077,36.5857,75.09
236,3938.1791,3938179,59.9451,123.2208,36.6199,75.16
237,3955.5505,3955550,60.0135,123.2471,36.6883,75.30
238,3971.5796,3971580,60.0477,123.2602,36.7225,75.37
239,3990.3140,3990314,60.1502,123.2996,36.8250,75.58
240,4005.0635,4005063,60.1844,123.3127,36.8592,75.65
241,4026.9419,4026942,60.1844,123.3127,36.8592,75.65
242,4038.8664,4038866,60.2528,123.3389,36.9276,75.79
243,4055.0342,4055034,60.3211,123.3652,36.9959,75.93
244,4072.3080,4072308,60.3553,123.3783,37.0301,76.00
245,4088.3568,4088357,60.3895,123.3914,37.0643,76.07
246,4105.6851,4105685,60.4579,123.4177,37.1327,76.21
247,4121.8700,4121870,60.4921,123.4308,37.1669,76.28
248,4141.4329,4141433,60.5604,123.4570,37.2352,76.42
249,4155.2808,4155281,60.5946,123.4702,37.2694,76.49
250,4176.9167,4176917,60.6288,123.4833,37.3036,76.56
251,4189.0297,4189030,60.6972,123.5095,37.3720,76.70
252,4205.2007,4205201,60.7656,123.5358,37.4404,76.84
253,4222.4681,4222468,60.7656,123.5358,37.4404,76.84
254,4238.5426,4238543,60.8339,123.5620,37.5087,76.98
255,4256.6412,4256641,60.8681,123.5751,37.5429,77.05
256,4272.1317,4272132,60.9023,123.5883,37.5771,77.12
257,4293.5551,4293555,60.9365,123.6014,37.6113,77.19
258,4305.5439,4305544,61.0049,123.6276,37.6797,77.33
259,4322.1693,4322169,61.0391,123.6407,37.7139,77.40
260,4339.2946,4339295,61.0733,123.6539,37.7481,77.47
261,4355.4219,4355422,61.1075,123.6670,37.7823,77.54
262,4372.8071,4372807,61.1417,123.6801,37.8165,77.61
263,4388.8454,4388845,61.1759,123.6932,37.8507,77.68
264,4407.6962,4407696,61.2443,123.7195,37.9191,77.82
265,4422.2921,4422292,61.2443,123.7195,37.9191,77.82
266,4444.4740,4444474,61.2785,123.7326,37.9533,77.89
267,4456.2544,4456254,61.3468,123.7589,38.0216,78.03
268,4472.2178,4472218,61.3810,123.7720,38.0558,78.10
269,4489.4580,4489458,61.4152,123.7851,38.0900,78.17
270,4505.6006,4505601,61.4494,123.7982,38.1242,78.24
271,4522.6531,4522653,61.5178,123.8245,38.1926,78.38
272,4539.1322,4539132,61.5520,123.8376,38.2268,78.45
273,4560.2745,4560274,61.5862,123.8507,38.2610,78.52
274,4572.5148,4572515,61.6546,123.8770,38.3294,78.66
275,4589.1839,4589184,61.6546,123.8770,38.3294,78.66
276,4606.4487,4606449,61.6888,123.8901,38.3636,78.73
277,4622.4883,4622488,61.7230,123.9032,38.3978,78.80
278,4641.1419,4641142,61.7914,123.9294,38.4662,78.95
279,4655.9769,4655977,61.8256,123.9426,38.5004,79.02
280,4677.5599,4677560,61.8598,123.9557,38.5346,79.09
281,4689.7235,4689723,61.9282,123.9819,38.6030,79.23
282,4705.8962,4705896,61.9624,123.9951,38.6372,79.30
283,4723.2930,4723293,61.9966,124.0082,38.6714,79.37
284,4739.2980,4739298,61.9966,124.0082,38.6714,79.37
285,4756.7586,4756759,62.0650,124.0344,38.7398,79.51
286,4772.7598,4772760,62.0992,124.0475,38.7740,79.58
287,4792.8706,4792871,62.1335,124.0607,38.8083,79.65
288,4806.1612,4806161,62.1677,124.0738,38.8425,79.72
289,4828.1007,4828101,62.2019,124.0869,38.8767,79.79
290,4840.0143,4840014,62.2361,124.1000,38.9109,79.86
291,4856.1103,4856110,62.2703,124.1132,38.9451,79.93
292,4873.3844,4873384,62.3045,124.1263,38.9793,80.00
293,4889.4591,4889459,62.3387,124.1394,39.0135,80.07
294,4906.9150,4906915,62.4071,124.1656,39.0819,80.21
295,4923.0027,4923003,62.4413,124.1788,39.1161,80.28
296,4944.0013,4944001,62.4755,124.1919,39.1503,80.35
297,4956.3949,4956395,62.5097,124.2050,39.1845,80.42
298,4973.1553,4973155,62.5439,124.2181,39.2187,80.49
299,4990.2173,4990217,62.5781,124.2313,39.2529,80.56
300,5006.3042,5006304,62.6123,124.2444,39.2871,80.63
301,5023.7981,5023798,62.6466,124.2575,39.3214,80.70
302,5039.7123,5039712,62.6808,124.2706,39.3556,80.77
303,5058.3214,5058321,62.7150,124.2838,39.3898,80.84
304,5073.2199,5073220,62.7492,124.2969,39.4240,80.91
305,5094.9854,5094985,62.7834,124.3100,39.4582,80.98
306,5107.0193,5107019,62.8176,124.3231,39.4924,81.05
307,5123.1958,5123196,62.8860,124.3494,39.5608,81.19
308,5140.4603,5140460,62.9202,124.3625,39.5950,81.26
309,5156.5248,5156525,62.9545,124.3756,39.6293,81.33
310,5173.8243,5173824,62.9887,124.3887,39.6635,81.40
311,5190.0375,5190037,62.9887,124.3887,39.6635,81.40
312,5210.2093,5210209,63.0229,124.4019,39.6977,81.47
313,5223.4888,5223489,63.0571,124.4150,39.7319,81.54
314,5243.7545,5243754,63.0913,124.4281,39.7661,81.61
315,5257.1886,5257189,63.1255,124.4412,39.8003,81.68
316,5273.3361,5273336,63.1939,124.4675,39.8688,81.82
317,5290.5852,5290585,63.2282,124.4806,39.9030,81.89
318,5306.7195,5306719,63.2624,124.4937,39.9372,81.96
319,5325.0379,5325038,63.2966,124.5068,39.9714,82.03
320,5340.2959,5340296,63.2966,124.5068,39.9714,82.03
321,5362.0147,5362015,63.3308,124.5200,40.0056,82.10
322,5373.9569,5373957,63.3650,124.5331,40.0398,82.17
323,5390.3175,5390318,63.3992,124.5462,40.0740,82.25
324,5407.4371,5407437,63.4335,124.5593,40.1083,82.32
325,5423.6089,5423609,63.4677,124.5724,40.1425,82.39
326,5440.9450,5440945,63.5019,124.5856,40.1767,82.46
327,5457.0602,5457060,63.5361,124.5987,40.2109,82.53
328,5476.1902,5476190,63.5703,124.6118,40.2451,82.60
329,5490.5018,5490502,63.6046,124.6249,40.2794,82.67
330,5512.2571,5512257,63.6388,124.6381,40.3136,82.74
331,5524.2626,5524263,63.6388,124.6381,40.3136,82.74
332,5540.3767,5540377,63.7072,124.6643,40.3820,82.88
333,5557.6303,5557630,63.7414,124.6774,40.4162,82.95
334,5573.7733,5573773,63.7414,124.6774,40.4162,82.95
335,5593.5700,5593570,63.7757,124.6906,40.4505,83.02
336,5607.3417,5607342,63.8099,124.7037,40.4847,83.09
337,5628.6625,5628662,63.8441,124.7168,40.5189,83.16
338,5641.0117,5641012,63.8783,124.7299,40.5531,83.23
339,5657.2093,5657209,63.9125,124.7430,40.5873,83.30
340,5674.4376,5674438,63.9125,124.7430,40.5873,83.30
341,5690.5858,5690586,63.9468,124.7562,40.6216,83.37
342,5707.8909,5707891,63.9810,124.7693,40.6558,83.44
343,5724.1658,5724166,64.0152,124.7824,40.6900,83.51
344,5744.8659,5744866,64.0152,124.7824,40.6900,83.51
345,5757.5206,5757521,64.0494,124.7955,40.7242,83.58
346,5774.2690,5774269,64.1179,124.8218,40.7927,83.72
347,5791.2681,5791268,64.1179,124.8218,40.7927,83.72
348,5807.4775,5807478,64.1521,124.8349,40.8269,83.79
349,5824.6483,5824648,64.1863,124.8480,40.8611,83.86
350,5840.8139,5840814,64.1863,124.8480,40.8611,83.86
351,5858.3498,5858350,64.2206,124.8611,40.8954,83.93
352,5874.3526,5874353,64.2548,124.8743,40.9296,84.00
353,5895.8072,5895807,64.2890,124.8874,40.9638,84.07
354,5907.7759,5907776,64.3232,124.9005,40.9980,84.14
355,5925.0022,5925002,64.3575,124.9136,41.0323,84.21
356,5941.4400,5941440,64.4259,124.9399,41.1007,84.35
357,5957.6541,5957654,64.4602,124.9530,41.1350,84.42
358,5974.8328,5974833,64.4602,124.9530,41.1350,84.42
359,5991.0306,5991031,64.5286,124.9792,41.2034,84.56
360,6008.9133,6008913,64.4944,124.9661,41.1692,84.49
361,6024.5890,6024589,64.5286,124.9792,41.2034,84.56
362,6045.5401,6045540,64.5628,124.9924,41.2376,84.63
363,6057.9990,6057999,64.5971,125.0055,41.2719,84.70
364,6074.5748,6074575,64.6313,125.0186,41.3061,84.77
365,6091.7190,6091719,64.6998,125.0449,41.3746,84.91
366,6107.8718,6107872,64.6998,125.0449,41.3746,84.91
367,6125.0783,6125078,64.7340,125.0580,41.4088,84.98
368,6141.3600,6141360,64.7682,125.0711,41.4430,85.05
369,6160.3357,6160336,64.8024,125.0842,41.4773,85.12
370,6174.7585,6174758,64.8367,125.0974,41.5115,85.20
371,6195.7182,6195718,64.8709,125.1105,41.5457,85.27
372,6208.4709,6208471,64.8709,125.1105,41.5457,85.27
373,6224.6843,6224684,64.9051,125.1236,41.5799,85.34
374,6241.8596,6241860,64.9051,125.1236,41.5799,85.34
375,6258.0842,6258084,64.9394,125.1367,41.6142,85.41
376,6275.2155,6275216,64.9736,125.1498,41.6484,85.48
377,6291.6327,6291633,65.0078,125.1630,41.6826,85.55
378,6312.4776,6312478,65.0421,125.1761,41.7169,85.62
379,6324.9951,6324995,65.0421,125.1761,41.7169,85.62
380,6341.6682,6341668,65.0763,125.1892,41.7511,85.69
381,6358.6528,6358653,65.1105,125.2023,41.7854,85.76
382,6374.9026,6374903,65.1448,125.2155,41.8196,85.83
383,6392.1657,6392166,65.1790,125.2286,41.8538,85.90
384,6408.3231,6408323,65.1790,125.2286,41.8538,85.90
385,6426.7656,6426766,65.2133,125.2417,41.8881,85.97
386,6441.7922,6441792,65.2475,125.2548,41.9223,86.04
387,6463.3087,6463309,65.2475,125.2548,41.9223,86.04
388,6475.4685,6475468,65.2817,125.2679,41.9565,86.11
389,6491.8625,6491863,65.3160,125.2811,41.9908,86.18
390,6508.8551,6508855,65.3502,125.2942,42.0250,86.25
391,6525.1045,6525105,65.3844,125.3073,42.0592,86.32
392,6542.3613,6542361,65.4187,125.3204,42.0935,86.39
393,6558.9538,6558954,65.4187,125.3204,42.0935,86.39
394,6579.8706,6579871,65.4529,125.3336,42.1277,86.46
395,6592.3250,6592325,65.4872,125.3467,42.1620,86.53
396,6608.5577,6608558,65.4872,125.3467,42.1620,86.53
397,6625.6886,6625689,65.4872,125.3467,42.1620,86.53
398,6641.9184,6641918,65.5214,125.3598,42.1962,86.60
399,6659.7631,6659763,65.5899,125.3860,42.2647,86.74
400,6675.5084,6675508,65.5899,125.3860,42.2647,86.74
401,6695.6855,6695686,65.6241,125.3992,42.2989,86.81
402,6708.9246,6708925,65.6241,125.3992,42.2989,86.81
403,6725.5308,6725531,65.6584,125.4123,42.3332,86.88
404,6742.5052,6742505,65.7268,125.4385,42.4016,87.02
405,6758.7572,6758757,65.7268,125.4385,42.4016,87.02
406,6776.1425,6776142,65.7611,125.4517,42.4359,87.09
407,6792.2256,6792226,65.7953,125.4648,42.4701,87.16
408,6810.9230,6810923,65.8296,125.4779,42.5044,87.23
409,6825.6468,6825647,65.8296,125.4779,42.5044,87.23
410,6847.1316,6847132,65.8638,125.4910,42.5386,87.30
411,6859.3920,6859392,65.8980,125.5042,42.5728,87.37
412,6875.6316,6875632,65.9323,125.5173,42.6071,87.44
413,6892.7111,6892711,65.8980,125.5042,42.5728,87.37
414,6908.9712,6908971,65.9323,125.5173,42.6071,87.44
415,6925.9756,6925976,65.9665,125.5304,42.6413,87.51
416,6942.4573,6942457,66.0008,125.5435,42.6756,87.58
417,6962.8545,6962854,66.0008,125.5435,42.6756,87.58
418,6975.8798,6975880,66.0350,125.5566,42.7098,87.65
419,6993.7748,6993775,66.0693,125.5698,42.7441,87.72
420,7009.5362,7009536,66.1378,125.5960,42.8126,87.87
421,7025.7884,7025788,66.1378,125.5960,42.8126,87.87
422,7042.9579,7042958,66.1378,125.5960,42.8126,87.87
423,7059.1701,7059170,66.1720,125.6091,42.8468,87.94
424,7077.2805,7077280,66.1720,125.6091,42.8468,87.94
425,7092.6678,7092668,66.2405,125.6354,42.9153,88.08
426,7114.1653,7114165,66.2405,125.6354,42.9153,88.08
427,7126.1679,7126168,66.2405,125.6354,42.9153,88.08
428,7142.7627,7142763,66.2747,125.6485,42.9495,88.15
429,7159.7739,7159774,66.3090,125.6616,42.9838,88.22
430,7176.0074,7176007,66.3432,125.6747,43.0180,88.29
431,7193.2698,7193270,66.3432,125.6747,43.0180,88.29
432,7209.4556,7209456,66.3775,125.6879,43.0523,88.36
433,7228.5941,7228594,66.3775,125.6879,43.0523,88.36
434,7242.8732,7242873,66.4117,125.7010,43.0865,88.43
435,7264.2887,7264289,66.4117,125.7010,43.0865,88.43
436,7276.5661,7276566,66.4460,125.7141,43.1208,88.50
437,7292.8261,7292826,66.4802,125.7272,43.1550,88.57
438,7309.9759,7309976,66.5145,125.7404,43.1893,88.64
439,7326.2378,7326238,66.5487,125.7535,43.2235,88.71
440,7343.3291,7343329,66.5830,125.7666,43.2578,88.78
441,7359.7293,7359729,66.5830,125.7666,43.2578,88.78
442,7380.4131,7380413,66.5830,125.7666,43.2578,88.78
443,7393.0813,7393081,66.6172,125.7797,43.2920,88.85
444,7409.8403,7409840,66.6515,125.7928,43.3263,88.92
445,7426.8093,7426809,66.6515,125.7928,43.3263,88.92
446,7443.0567,7443057,66.6857,125.8060,43.3605,88.99
447,7460.3493,7460349,66.6857,125.8060,43.3605,88.99
448,7476.4331,7476433,66.7200,125.8191,43.3948,89.06
449,7495.0613,7495061,66.7200,125.8191,43.3948,89.06
450,7509.9121,7509912,66.7542,125.8322,43.4290,89.13
451,7531.9420,7531942,66.7885,125.8453,43.4633,89.20
452,7543.7352,7543735,66.7885,125.8453,43.4633,89.20
453,7560.6441,7560644,66.8227,125.8585,43.4975,89.27
454,7578.1603,7578160,66.8570,125.8716,43.5318,89.34
455,7593.3418,7593342,66.8912,125.8847,43.5660,89.41
456,7614.9093,7614909,66.9255,125.8978,43.6003,89.48
457,7627.0346,7627035,66.9597,125.9109,43.6345,89.55
458,7644.2722,7644272,66.9597,125.9109,43.6345,89.55
459,7661.3735,7661373,66.9940,125.9241,43.6688,89.62
460,7676.7994,7676799,66.9940,125.9241,43.6688,89.62
461,7697.9849,7697985,66.9940,125.9241,43.6688,89.62
462,7710.5345,7710535,67.0283,125.9372,43.7031,89.69
463,7726.8803,7726880,67.0283,125.9372,43.7031,89.69
464,7744.0086,7744009,67.0625,125.9503,43.7373,89.76
465,7760.1799,7760180,67.0625,125.9503,43.7373,89.76
466,7777.3981,7777398,67.0968,125.9634,43.7716,89.83
467,7793.6437,7793644,67.0625,125.9503,43.7373,89.76
468,7813.3865,7813386,67.1310,125.9766,43.8058,89.90
469,7827.0232,7827023,67.1310,125.9766,43.8058,89.90
470,7848.1822,7848182,67.1653,125.9897,43.8401,89.97
471,7860.7803,7860780,67.1995,126.0028,43.8743,90.04
472,7876.9762,7876976,67.2338,126.0159,43.9086,90.11
473,7894.1489,7894149,67.2680,126.0291,43.9428,90.19
474,7910.3455,7910345,67.2338,126.0159,43.9086,90.11
475,7928.4721,7928472,67.2680,126.0291,43.9428,90.19
476,7943.9060,7943906,67.3023,126.0422,43.9771,90.26
477,7965.2695,7965269,67.3023,126.0422,43.9771,90.26
478,7977.2905,7977291,67.3366,126.0553,44.0114,90.33
479,7993.9301,7993930,67.3708,126.0684,44.0456,90.40
480,8011.0030,8011003,67.3708,126.0684,44.0456,90.40
481,8027.2694,8027269,67.4051,126.0815,44.0799,90.47
482,8044.5965,8044597,67.4051,126.0815,44.0799,90.47
483,8060.6699,8060670,67.4393,126.0947,44.1141,90.54
484,8080.0089,8080009,67.4393,126.0947,44.1141,90.54
485,8094.0674,8094067,67.4736,126.1078,44.1484,90.61
486,8115.4736,8115474,67.5079,126.1209,44.1827,90.68
487,8127.8690,8127869,67.5079,126.1209,44.1827,90.68
488,8144.0575,8144057,67.5421,126.1340,44.2169,90.75
489,8161.2336,8161234,67.5764,126.1472,44.2512,90.82
490,8177.3984,8177398,67.5764,126.1472,44.2512,90.82
491,8194.8458,8194846,67.6106,126.1603,44.2854,90.89
492,8210.9194,8210919,67.6106,126.1603,44.2854,90.89
493,8232.6764,8232676,67.6449,126.1734,44.3197,90.96
494,8244.4291,8244429,67.6792,126.1865,44.3540,91.03
495,8261.0275,8261027,67.6792,126.1865,44.3540,91.03
496,8278.0608,8278061,67.7134,126.1996,44.3882,91.10
497,8294.2291,8294229,67.7477,126.2128,44.4225,91.17
498,8311.6708,8311671,67.7477,126.2128,44.4225,91.17
499,8327.7433,8327743,67.7477,126.2128,44.4225,91.17
500,8346.9532,8346953,67.7819,126.2259,44.4567,91.24
501,8361.1164,8361116,67.7819,126.2259,44.4567,91.24
502,8382.4548,8382455,67.7819,126.2259,44.4567,91.24
503,8394.8556,8394856,67.8162,126.2390,44.4910,91.31
504,8411.0776,8411078,67.8505,126.2521,44.5253,91.38
505,8428.3286,8428329,67.8847,126.2653,44.5595,91.45
506,8444.4583,8444458,67.8847,126.2653,44.5595,91.45
507,8461.9573,8461957,67.9190,126.2784,44.5938,91.52
508,8477.9682,8477968,67.9190,126.2784,44.5938,91.52
509,8499.3034,8499303,67.9190,126.2784,44.5938,91.52
510,8511.3713,8511371,67.9533,126.2915,44.6281,91.59
511,8528.0673,8528067,67.9533,126.2915,44.6281,91.59
512,8545.0999,8545100,67.9875,126.3046,44.6623,91.66
513,8562.0431,8562043,68.0218,126.3177,44.6966,91.73
514,8580.2891,8580289,68.0218,126.3177,44.6966,91.73
515,8594.7840,8594784,68.0561,126.3309,44.7309,91.80
516,8616.2154,8616215,68.0561,126.3309,44.7309,91.80
517,8628.5758,8628576,68.0903,126.3440,44.7651,91.87
518,8644.7434,8644743,68.0903,126.3440,44.7651,91.87
519,8661.9347,8661935,68.0903,126.3440,44.7651,91.87
520,8678.0990,8678099,68.0903,126.3440,44.7651,91.87
521,8695.3269,8695327,68.1246,126.3571,44.7994,91.94
522,8711.6403,8711640,68.1246,126.3571,44.7994,91.94
523,8732.4063,8732406,68.1589,126.3702,44.8337,92.01
524,8745.0070,8745007,68.1589,126.3702,44.8337,92.01
525,8762.4734,8762473,68.1931,126.3834,44.8679,92.08
526,8778.7238,8778724,68.2274,126.3965,44.9022,92.15
527,8794.9395,8794940,68.2274,126.3965,44.9022,92.15
528,8812.3520,8812352,68.2617,126.4096,44.9365,92.22
529,8828.3177,8828318,68.2617,126.4096,44.9365,92.22
530,8846.8937,8846894,68.2617,126.4096,44.9365,92.22
531,8861.8292,8861829,68.2617,126.4096,44.9365,92.22
532,8883.9010,8883901,68.2959,126.4227,44.9707,92.29
533,8895.6835,8895684,68.2959,126.4227,44.9707,92.29
534,8911.8320,8911832,68.3302,126.4359,45.0050,92.36
535,8928.9491,8928949,68.3302,126.4359,45.0050,92.36
536,8945.1894,8945189,68.3302,126.4359,45.0050,92.36
537,8962.1916,8962192,68.3302,126.4359,45.0050,92.36
538,8978.6628,8978663,68.3645,126.4490,45.0393,92.44
539,8999.1367,8999137,68.3987,126.4621,45.0735,92.51
540,9012.0639,9012064,68.3987,126.4621,45.0735,92.51
541,9031.6434,9031643,68.3987,126.4621,45.0735,92.51
542,9045.7737,9045774,68.3987,126.4621,45.0735,92.51
543,9061.9905,9061990,68.4330,126.4752,45.1078,92.58
544,9079.3379,9079338,68.4330,126.4752,45.1078,92.58
545,9095.4486,9095449,68.4673,126.4883,45.1421,92.65
546,9113.7254,9113725,68.4673,126.4883,45.1421,92.65
547,9128.8751,9128875,68.4673,126.4883,45.1421,92.65
548,9149.6653,9149665,68.4673,126.4883,45.1421,92.65
549,9162.6203,9162620,68.5015,126.5015,45.1763,92.72
550,9178.8379,9178838,68.4673,126.4883,45.1421,92.65
551,9196.0923,9196092,68.4673,126.4883,45.1421,92.65
552,9212.1933,9212193,68.5358,126.5146,45.2106,92.79
553,9229.3067,9229307,68.5358,126.5146,45.2106,92.79
554,9245.6840,9245684,68.5358,126.5146,45.2106,92.79
555,9265.8900,9265890,68.5358,126.5146,45.2106,92.79
556,9279.0875,9279088,68.5701,126.5277,45.2449,92.86
557,9299.2010,9299201,68.5701,126.5277,45.2449,92.86
558,9312.8159,9312816,68.6043,126.5408,45.2791,92.93
559,9329.0474,9329047,68.6386,126.5540,45.3134,93.00
560,9346.2365,9346236,68.6386,126.5540,45.3134,93.00
561,9362.4090,9362409,68.6386,126.5540,45.3134,93.00
562,9380.1287,9380129,68.6386,126.5540,45.3134,93.00
563,9395.9320,9395932,68.6386,126.5540,45.3134,93.00
564,9417.2802,9417280,68.6729,126.5671,45.3477,93.07
565,9429.3814,9429381,68.6729,126.5671,45.3477,93.07
566,9445.9913,9445991,68.6729,126.5671,45.3477,93.07
567,9463.0457,9463046,68.7072,126.5802,45.3820,93.14
568,9479.2765,9479276,68.7072,126.5802,45.3820,93.14
569,9496.5281,9496528,68.7414,126.5933,45.4162,93.21
570,9512.7214,9512721,68.7414,126.5933,45.4162,93.21
571,9532.0796,9532080,68.7414,126.5933,45.4162,93.21
572,9546.1123,9546112,68.7757,126.6064,45.4505,93.28
573,9563.1649,9563165,68.7757,126.6064,45.4505,93.28
574,9580.0991,9580099,68.7414,126.5933,45.4162,93.21
575,9596.1498,9596150,68.7757,126.6064,45.4505,93.28
576,9615.2480,9615248,68.8100,126.6196,45.4848,93.35
577,9629.5766,9629577,68.8100,126.6196,45.4848,93.35
578,9650.5578,9650558,68.8443,126.6327,45.5191,93.42
579,9663.3364,9663336,68.8443,126.6327,45.5191,93.42
580,9679.5583,9679558,68.8443,126.6327,45.5191,93.42
581,9696.7520,9696752,68.8785,126.6458,45.5533,93.49
582,9712.9026,9712903,68.8785,126.6458,45.5533,93.49
583,9730.0060,9730006,68.9128,126.6589,45.5876,93.56
584,9746.4087,9746409,68.9471,126.6721,45.6219,93.63
585,9766.7880,9766788,68.9128,126.6589,45.5876,93.56
586,9779.8199,9779820,68.9128,126.6589,45.5876,93.56
587,9798.7515,9798752,68.9471,126.6721,45.6219,93.63
588,9813.5373,9813537,68.9471,126.6721,45.6219,93.63
589,9829.7312,9829731,68.9471,126.6721,45.6219,93.63
590,9846.9335,9846934,68.9813,126.6852,45.6561,93.70
591,9863.1127,9863113,69.0156,126.6983,45.6904,93.77
592,9881.1908,9881191,69.0156,126.6983,45.6904,93.77
593,9896.6140,9896614,69.0156,126.6983,45.6904,93.77
594,9918.2898,9918290,69.0499,126.7114,45.7247,93.84
595,9930.1321,9930132,69.0499,126.7114,45.7247,93.84
596,9946.7514,9946751,69.0499,126.7114,45.7247,93.84
597,9963.8280,9963828,69.0842,126.7245,45.7590,93.91
598,9979.9755,9979976,69.0842,126.7245,45.7590,93.91
599,9997.1538,9997154,69.0842,126.7245,45.7590,93.91
600,10013.3254,10013325,69.0842,126.7245,45.7590,93.91
601,10031.4691,10031469,69.1184,126.7377,45.7933,93.98
602,10046.8127,10046813,69.1184,126.7377,45.7933,93.98
603,10068.1699,10068170,69.1184,126.7377,45.7933,93.98
604,10080.5032,10080503,69.1527,126.7508,45.8275,94.05
605,10096.9479,10096948,69.1527,126.7508,45.8275,94.05
606,10113.9641,10113964,69.1527,126.7508,45.8275,94.05
607,10130.1605,10130161,69.1870,126.7639,45.8618,94.12
608,10147.6133,10147613,69.1870,126.7639,45.8618,94.12
609,10163.6855,10163686,69.2213,126.7770,45.8961,94.19
610,10183.3039,10183304,69.2213,126.7770,45.8961,94.19
611,10197.0396,10197040,69.2213,126.7770,45.8961,94.19
612,10218.5219,10218522,69.2213,126.7770,45.8961,94.19
613,10230.7825,10230782,69.2556,126.7902,45.9304,94.26
614,10247.0025,10247003,69.2556,126.7902,45.9304,94.26
615,10264.2421,10264242,69.2898,126.8033,45.9646,94.33
616,10280.3706,10280371,69.3241,126.8164,45.9989,94.40
617,10297.7224,10297722,69.3241,126.8164,45.9989,94.40
618,10313.8830,10313883,69.2898,126.8033,45.9646,94.33
619,10335.2676,10335268,69.3241,126.8164,45.9989,94.40
620,10347.2793,10347279,69.3241,126.8164,45.9989,94.40
621,10364.0123,10364012,69.3584,126.8295,46.0332,94.48
622,10380.9863,10380986,69.3584,126.8295,46.0332,94.48
623,10397.2014,10397201,69.3584,126.8295,46.0332,94.48
624,10414.4714,10414471,69.3927,126.8427,46.0675,94.55
625,10430.5805,10430580,69.3927,126.8427,46.0675,94.55
626,10449.1061,10449106,69.3927,126.8427,46.0675,94.55
627,10464.0902,10464090,69.4269,126.8558,46.1018,94.62
628,10486.0272,10486027,69.4269,126.8558,46.1018,94.62
629,10497.8131,10497813,69.4612,126.8689,46.1360,94.69
630,10514.0427,10514043,69.4612,126.8689,46.1360,94.69
631,10531.3343,10531334,69.4612,126.8689,46.1360,94.69
632,10547.4600,10547460,69.4955,126.8820,46.1703,94.76
633,10569.3037,10569304,69.4955,126.8820,46.1703,94.76
634,10581.3277,10581328,69.4955,126.8820,46.1703,94.76
635,10597.4788,10597479,69.4955,126.8820,46.1703,94.76
636,10616.2699,10616270,69.4955,126.8820,46.1703,94.76
637,10630.9709,10630971,69.5298,126.8951,46.2046,94.83
638,10652.8822,10652882,69.5298,126.8951,46.2046,94.83
639,10664.7586,10664759,69.5298,126.8951,46.2046,94.83
640,10680.9906,10680991,69.5641,126.9083,46.2389,94.90
641,10698.1497,10698150,69.5984,126.9214,46.2732,94.97
642,10714.3823,10714382,69.5984,126.9214,46.2732,94.97
643,10731.5543,10731554,69.5984,126.9214,46.2732,94.97
644,10747.8640,10747864,69.6326,126.9345,46.3074,95.04
645,10768.3534,10768353,69.6326,126.9345,46.3074,95.04
646,10781.1998,10781200,69.6326,126.9345,46.3074,95.04
647,10799.7824,10799782,69.6326,126.9345,46.3074,95.04
648,10814.9457,10814946,69.6326,126.9345,46.3074,95.04
649,10831.1326,10831133,69.6669,126.9476,46.3417,95.11
650,10848.4441,10848444,69.6669,126.9476,46.3417,95.11
651,10864.5079,10864508,69.7012,126.9608,46.3760,95.18
652,10882.1458,10882146,69.7012,126.9608,46.3760,95.18
653,10898.0142,10898014,69.7355,126.9739,46.4103,95.25
654,10919.7236,10919724,69.7355,126.9739,46.4103,95.25
655,10931.4654,10931465,69.7355,126.9739,46.4103,95.25
656,10948.1462,10948146,69.7355,126.9739,46.4103,95.25
657,10965.1625,10965162,69.7698,126.9870,46.4446,95.32
658,10981.3497,10981350,69.7698,126.9870,46.4446,95.32
659,10998.6521,10998652,69.8040,127.0001,46.4788,95.39
660,11014.7930,11014793,69.8040,127.0001,46.4788,95.39
661,11034.0744,11034074,69.8383,127.0132,46.5131,95.46
662,11048.2617,11048262,69.8383,127.0132,46.5131,95.46
663,11070.0641,11070064,69.8383,127.0132,46.5131,95.46
664,11081.9801,11081980,69.8726,127.0264,46.5474,95.53
665,11098.1658,11098166,69.9069,127.0395,46.5817,95.60
666,11115.5219,11115522,69.9069,127.0395,46.5817,95.60
667,11131.5648,11131565,69.9069,127.0395,46.5817,95.60
668,11149.1982,11149198,69.9069,127.0395,46.5817,95.60
669,11165.0533,11165053,69.9412,127.0526,46.6160,95.67
670,11186.0723,11186072,69.9412,127.0526,46.6160,95.67
671,11198.4344,11198434,69.9412,127.0526,46.6160,95.67
672,11215.4792,11215479,69.9755,127.0657,46.6503,95.74
673,11232.2147,11232215,70.0098,127.0789,46.6846,95.81
674,11248.3866,11248387,70.0098,127.0789,46.6846,95.81
675,11265.6682,11265668,70.0098,127.0789,46.6846,95.81
676,11281.7390,11281739,70.0098,127.0789,46.6846,95.81
677,11299.7885,11299788,70.0440,127.0920,46.7188,95.88
678,11315.2755,11315276,70.0783,127.1051,46.7531,95.95
679,11336.9194,11336919,70.0783,127.1051,46.7531,95.95
680,11349.0086,11349009,70.0783,127.1051,46.7531,95.95
681,11365.2185,11365218,70.0783,127.1051,46.7531,95.95
682,11382.4527,11382453,70.1126,127.1182,46.7874,96.02
683,11398.5910,11398591,70.1126,127.1182,46.7874,96.02
684,11415.7601,11415760,70.1469,127.1313,46.8217,96.09
685,11432.1585,11432159,70.1469,127.1313,46.8217,96.09
686,11452.8638,11452864,70.1812,127.1445,46.8560,96.16
687,11465.4802,11465480,70.1812,127.1445,46.8560,96.16
688,11482.2710,11482271,70.1812,127.1445,46.8560,96.16
689,11499.2667,11499267,70.2155,127.1576,46.8903,96.23
690,11515.4503,11515450,70.2155,127.1576,46.8903,96.23
691,11532.6621,11532662,70.2155,127.1576,46.8903,96.23
692,11548.7853,11548785,70.2498,127.1707,46.9246,96.30
693,11570.4163,11570416,70.2155,127.1576,46.8903,96.23
694,11582.6929,11582693,70.2155,127.1576,46.8903,96.23
695,11598.8708,11598871,70.2498,127.1707,46.9246,96.30
696,11617.3872,11617387,70.2498,127.1707,46.9246,96.30
697,11632.3778,11632378,70.2840,127.1838,46.9588,96.37
698,11654.2195,11654220,70.2840,127.1838,46.9588,96.37
699,11666.1783,11666178,70.2840,127.1838,46.9588,96.37
700,11682.3383,11682338,70.2840,127.1838,46.9588,96.37
701,11699.6743,11699674,70.3183,127.1970,46.9931,96.45
702,11715.7230,11715723,70.3183,127.1970,46.9931,96.45
703,11732.7429,11732743,70.3183,127.1970,46.9931,96.45
704,11749.2401,11749240,70.3183,127.1970,46.9931,96.45
705,11769.5937,11769594,70.3526,127.2101,47.0274,96.52
706,11782.6064,11782606,70.3526,127.2101,47.0274,96.52
707,11804.1912,11804191,70.3183,127.1970,46.9931,96.45
708,11816.4099,11816410,70.3526,127.2101,47.0274,96.52
709,11832.5770,11832577,70.3526,127.2101,47.0274,96.52
710,11849.7543,11849754,70.3526,127.2101,47.0274,96.52
711,11865.9383,11865938,70.3869,127.2232,47.0617,96.59
712,11884.1556,11884156,70.3869,127.2232,47.0617,96.59
713,11899.4847,11899485,70.3869,127.2232,47.0617,96.59
714,11921.0053,11921005,70.3869,127.2232,47.0617,96.59
715,11932.8541,11932854,70.4212,127.2363,47.0960,96.66
716,11949.5116,11949512,70.3869,127.2232,47.0617,96.59
717,11966.5688,11966569,70.3869,127.2232,47.0617,96.59
718,11982.7737,11982774,70.3869,127.2232,47.0617,96.59
719,12000.1973,12000197,70.3869,127.2232,47.0617,96.59
720,12016.2366,12016237,70.4212,127.2363,47.0960,96.66
721,12035.9772,12035977,70.4212,127.2363,47.0960,96.66
722,12049.6419,12049642,70.4212,127.2363,47.0960,96.66
723,12071.7203,12071720,70.4212,127.2363,47.0960,96.66
724,12083.4422,12083442,70.4212,127.2363,47.0960,96.66
725,12099.6094,12099609,70.4555,127.2495,47.1303,96.73
726,12116.8288,12116829,70.4212,127.2363,47.0960,96.66
727,12132.9450,12132945,70.4555,127.2495,47.1303,96.73
728,12150.6821,12150682,70.4555,127.2495,47.1303,96.73
729,12166.4727,12166473,70.4898,127.2626,47.1646,96.80
730,12187.8373,12187837,70.4898,127.2626,47.1646,96.80
731,12199.9121,12199912,70.5241,127.2757,47.1989,96.87
732,12216.5283,12216528,70.4898,127.2626,47.1646,96.80
733,12233.6361,12233636,70.4898,127.2626,47.1646,96.80
734,12249.7970,12249797,70.4898,127.2626,47.1646,96.80
735,12267.1383,12267138,70.4898,127.2626,47.1646,96.80
736,12283.3707,12283371,70.4898,127.2626,47.1646,96.80
737,12302.7872,12302787,70.4898,127.2626,47.1646,96.80
738,12316.6787,12316679,70.4898,127.2626,47.1646,96.80
739,12338.4356,12338436,70.5241,127.2757,47.1989,96.87
740,12350.4822,12350482,70.5241,127.2757,47.1989,96.87
741,12366.6347,12366635,70.5241,127.2757,47.1989,96.87
742,12383.9527,12383953,70.5584,127.2888,47.2332,96.94
743,12400.0343,12400034,70.5584,127.2888,47.2332,96.94
744,12417.8013,12417801,70.5241,127.2757,47.1989,96.87
745,12433.5109,12433511,70.5584,127.2888,47.2332,96.94
746,12454.8468,12454847,70.5584,127.2888,47.2332,96.94
747,12466.9233,12466923,70.5584,127.2888,47.2332,96.94
748,12483.6402,12483640,70.5584,127.2888,47.2332,96.94
749,12500.6829,12500683,70.5584,127.2888,47.2332,96.94
750,12516.8353,12516835,70.5927,127.3019,47.2675,97.01
751,12534.1460,12534146,70.5584,127.2888,47.2332,96.94
752,12550.2149,12550215,70.5927,127.3019,47.2675,97.01
753,12571.8108,12571811,70.5584,127.2888,47.2332,96.94
754,12584.2443,12584244,70.5927,127.3019,47.2675,97.01
755,12600.2866,12600287,70.5927,127.3019,47.2675,97.01
756,12617.9066,12617907,70.5927,127.3019,47.2675,97.01
757,12633.7959,12633796,70.6269,127.3151,47.3017,97.08
758,12655.4200,12655420,70.6269,127.3151,47.3017,97.08
759,12667.2038,12667204,70.5927,127.3019,47.2675,97.01
760,12683.9258,12683926,70.6269,127.3151,47.3017,97.08
761,12700.9624,12700962,70.6269,127.3151,47.3017,97.08
762,12717.1313,12717131,70.6269,127.3151,47.3017,97.08
763,12734.4363,12734436,70.6269,127.3151,47.3017,97.08
764,12750.5912,12750591,70.6269,127.3151,47.3017,97.08
765,12770.3088,12770309,70.6612,127.3282,47.3360,97.15
766,12784.0488,12784049,70.6612,127.3282,47.3360,97.15
767,12805.5539,12805554,70.6612,127.3282,47.3360,97.15
768,12817.8586,12817859,70.6955,127.3413,47.3703,97.22
769,12833.9756,12833976,70.6955,127.3413,47.3703,97.22
770,12851.2838,12851284,70.6955,127.3413,47.3703,97.22
771,12867.3823,12867382,70.6955,127.3413,47.3703,97.22
772,12884.6336,12884634,70.6955,127.3413,47.3703,97.22
773,12900.8383,12900838,70.7298,127.3544,47.4046,97.29
774,12921.5181,12921518,70.7298,127.3544,47.4046,97.29
775,12934.2294,12934229,70.7298,127.3544,47.4046,97.29
776,12950.9833,12950983,70.7298,127.3544,47.4046,97.29
777,12968.0115,12968012,70.7641,127.3676,47.4389,97.36
778,12984.1791,12984179,70.7641,127.3676,47.4389,97.36
779,13001.4557,13001456,70.7298,127.3544,47.4046,97.29
780,13017.5314,13017531,70.7298,127.3544,47.4046,97.29
781,13036.4242,13036424,70.7641,127.3676,47.4389,97.36
782,13051.0250,13051025,70.7641,127.3676,47.4389,97.36
783,13072.1393,13072139,70.7641,127.3676,47.4389,97.36
784,13084.9301,13084930,70.7984,127.3807,47.4732,97.43
785,13100.9937,13100994,70.7984,127.3807,47.4732,97.43
786,13118.2169,13118217,70.7984,127.3807,47.4732,97.43
787,13134.3700,13134370,70.7984,127.3807,47.4732,97.43
788,13151.4350,13151435,70.7984,127.3807,47.4732,97.43
789,13167.8935,13167894,70.7984,127.3807,47.4732,97.43
790,13188.8936,13188894,70.7984,127.3807,47.4732,97.43
791,13201.2721,13201272,70.8327,127.3938,47.5075,97.50
792,13217.9686,13217969,70.8327,127.3938,47.5075,97.50
793,13235.0046,13235005,70.8327,127.3938,47.5075,97.50
794,13251.2176,13251218,70.8327,127.3938,47.5075,97.50
795,13268.5705,13268570,70.8327,127.3938,47.5075,97.50
796,13284.5952,13284595,70.8327,127.3938,47.5075,97.50
797,13303.5676,13303568,70.9013,127.4200,47.5761,97.64
798,13318.0920,13318092,70.8670,127.4069,47.5418,97.57
799,13339.7413,13339741,70.8670,127.4069,47.5418,97.57
800,13351.8651,13351865,70.8670,127.4069,47.5418,97.57
801,13368.0652,13368065,70.9013,127.4200,47.5761,97.64
802,13385.2388,13385239,70.8670,127.4069,47.5418,97.57
803,13401.4124,13401412,70.9013,127.4200,47.5761,97.64
804,13418.4849,13418485,70.9356,127.4332,47.6104,97.71
805,13434.9128,13434913,70.9356,127.4332,47.6104,97.71
806,13455.6123,13455612,70.9356,127.4332,47.6104,97.71
807,13468.2980,13468298,70.9356,127.4332,47.6104,97.71
808,13485.0049,13485005,70.9356,127.4332,47.6104,97.71
809,13502.0448,13502045,70.9356,127.4332,47.6104,97.71
810,13518.2510,13518251,70.9013,127.4200,47.5761,97.64
811,13535.6022,13535602,70.9356,127.4332,47.6104,97.71
812,13551.6903,13551690,70.9699,127.4463,47.6447,97.78
813,13572.8486,13572849,70.9356,127.4332,47.6104,97.71
814,13585.5040,13585504,70.9699,127.4463,47.6447,97.78
815,13601.6749,13601675,70.9699,127.4463,47.6447,97.78
816,13618.8671,13618867,70.9699,127.4463,47.6447,97.78
817,13635.5912,13635591,70.9699,127.4463,47.6447,97.78
818,13651.9339,13651934,70.9699,127.4463,47.6447,97.78
819,13668.9297,13668930,70.9699,127.4463,47.6447,97.78
820,13685.1334,13685133,71.0042,127.4594,47.6790,97.85
821,13702.4645,13702464,70.9699,127.4463,47.6447,97.78
822,13718.6026,13718603,70.9699,127.4463,47.6447,97.78
823,13737.8697,13737870,71.0042,127.4594,47.6790,97.85
824,13752.0650,13752065,71.0042,127.4594,47.6790,97.85
825,13773.3443,13773344,71.0385,127.4725,47.7133,97.92
826,13785.7572,13785757,71.0385,127.4725,47.7133,97.92
827,13801.9600,13801960,71.0385,127.4725,47.7133,97.92
828,13819.1802,13819180,71.0385,127.4725,47.7133,97.92
829,13835.3708,13835371,71.0385,127.4725,47.7133,97.92
830,13852.7281,13852728,71.0385,127.4725,47.7133,97.92
831,13868.8871,13868887,71.0385,127.4725,47.7133,97.92
832,13890.1643,13890164,71.0385,127.4725,47.7133,97.92
833,13902.2520,13902252,71.0385,127.4725,47.7133,97.92
834,13918.9008,13918901,71.0728,127.4857,47.7476,97.99
835,13936.0867,13936087,71.0385,127.4725,47.7133,97.92
836,13952.1970,13952197,71.0728,127.4857,47.7476,97.99
837,13969.5334,13969533,71.0728,127.4857,47.7476,97.99
838,13985.6285,13985628,71.0728,127.4857,47.7476,97.99
839,14005.1191,14005119,71.0728,127.4857,47.7476,97.99
840,14019.0583,14019058,71.0728,127.4857,47.7476,97.99
841,14040.2700,14040270,71.1071,127.4988,47.7819,98.06
842,14052.7776,14052778,71.1071,127.4988,47.7819,98.06
843,14069.0013,14069001,71.1071,127.4988,47.7819,98.06
844,14086.2453,14086245,71.0728,127.4857,47.7476,97.99
845,14102.3617,14102362,71.1071,127.4988,47.7819,98.06
846,14120.5991,14120599,71.1071,127.4988,47.7819,98.06
847,14135.9023,14135902,71.1071,127.4988,47.7819,98.06
848,14156.9832,14156983,71.1071,127.4988,47.7819,98.06
849,14169.4314,14169431,71.1414,127.5119,47.8162,98.13
850,14185.9075,14185907,71.1757,127.5250,47.8505,98.20
851,14203.0100,14203010,71.1414,127.5119,47.8162,98.13
852,14219.2052,14219205,71.1414,127.5119,47.8162,98.13
853,14236.5050,14236505,71.1414,127.5119,47.8162,98.13
854,14252.6814,14252681,71.1414,127.5119,47.8162,98.13
855,14273.2051,14273205,71.1414,127.5119,47.8162,98.13
856,14286.0899,14286090,71.1757,127.5250,47.8505,98.20
857,14305.1936,14305194,71.1757,127.5250,47.8505,98.20
858,14319.8983,14319898,71.2100,127.5381,47.8848,98.28
859,14336.0513,14336051,71.1757,127.5250,47.8505,98.20
860,14353.2295,14353229,71.1757,127.5250,47.8505,98.20
861,14369.4242,14369424,71.2100,127.5381,47.8848,98.28
862,14388.0820,14388082,71.2100,127.5381,47.8848,98.28
863,14402.9357,14402936,71.2100,127.5381,47.8848,98.28
864,14423.9259,14423926,71.2443,127.5513,47.9191,98.35
865,14436.6973,14436697,71.2100,127.5381,47.8848,98.28
866,14452.9126,14452913,71.2443,127.5513,47.9191,98.35
867,14470.0528,14470053,71.2443,127.5513,47.9191,98.35
868,14486.2437,14486244,71.2786,127.5644,47.9534,98.42
869,14503.4148,14503415,71.2443,127.5513,47.9191,98.35
870,14519.7629,14519763,71.2443,127.5513,47.9191,98.35
871,14540.0163,14540016,71.2786,127.5644,47.9534,98.42
872,14553.3788,14553379,71.2443,127.5513,47.9191,98.35
873,14570.1955,14570195,71.2443,127.5513,47.9191,98.35
874,14586.9822,14586982,71.2443,127.5513,47.9191,98.35
875,14603.0825,14603083,71.2786,127.5644,47.9534,98.42
876,14621.7730,14621773,71.2786,127.5644,47.9534,98.42
877,14636.5680,14636568,71.2786,127.5644,47.9534,98.42
878,14657.8074,14657807,71.3129,127.5775,47.9877,98.49
879,14670.3095,14670309,71.3129,127.5775,47.9877,98.49
880,14686.5287,14686529,71.3129,127.5775,47.9877,98.49
881,14704.0201,14704020,71.3129,127.5775,47.9877,98.49
882,14719.9475,14719947,71.3129,127.5775,47.9877,98.49
883,14736.9202,14736920,71.3129,127.5775,47.9877,98.49
884,14753.3781,14753378,71.3129,127.5775,47.9877,98.49
885,14774.2192,14774219,71.3472,127.5906,48.0220,98.56
886,14786.8011,14786801,71.3472,127.5906,48.0220,98.56
887,14803.5277,14803528,71.3129,127.5775,47.9877,98.49
888,14820.6136,14820614,71.3129,127.5775,47.9877,98.49
889,14836.7326,14836733,71.3472,127.5906,48.0220,98.56
890,14854.0527,14854053,71.3472,127.5906,48.0220,98.56
891,14870.1760,14870176,71.3472,127.5906,48.0220,98.56
892,14889.5419,14889542,71.3472,127.5906,48.0220,98.56
893,14903.6480,14903648,71.3815,127.6038,48.0563,98.63
894,14924.7139,14924714,71.3815,127.6038,48.0563,98.63
895,14937.4210,14937421,71.3815,127.6038,48.0563,98.63
896,14953.5705,14953570,71.3815,127.6038,48.0563,98.63
897,14970.8019,14970802,71.3815,127.6038,48.0563,98.63
898,14986.9330,14986933,71.3815,127.6038,48.0563,98.63
899,15004.2893,15004289,71.3815,127.6038,48.0563,98.63
900,15020.4250,15020425,71.3815,127.6038,48.0563,98.63
901,15041.2845,15041285,71.3815,127.6038,48.0563,98.63
902,15053.9874,15053987,71.4158,127.6169,48.0906,98.70
903,15070.4661,15070466,71.4158,127.6169,48.0906,98.70
904,15087.7224,15087722,71.4158,127.6169,48.0906,98.70
905,15103.7996,15103800,71.4158,127.6169,48.0906,98.70
906,15121.0431,15121043,71.4158,127.6169,48.0906,98.70
907,15137.2428,15137243,71.4158,127.6169,48.0906,98.70
908,15157.7526,15157753,71.4158,127.6169,48.0906,98.70
909,15170.6367,15170637,71.4501,127.6300,48.1249,98.77
910,15191.1914,15191191,71.4501,127.6300,48.1249,98.77
911,15204.4169,15204417,71.4158,127.6169,48.0906,98.70
912,15220.5759,15220576,71.4501,127.6300,48.1249,98.77
913,15237.8277,15237828,71.4158,127.6169,48.0906,98.70
914,15253.9494,15253949,71.4501,127.6300,48.1249,98.77
915,15271.8228,15271823,71.4501,127.6300,48.1249,98.77
916,15287.4784,15287478,71.4501,127.6300,48.1249,98.77
917,15308.1939,15308194,71.4501,127.6300,48.1249,98.77
918,15321.1276,15321128,71.4501,127.6300,48.1249,98.77
919,15337.4269,15337427,71.4844,127.6431,48.1592,98.84
920,15354.6364,15354636,71.4844,127.6431,48.1592,98.84
921,15370.8609,15370861,71.4501,127.6300,48.1249,98.77
922,15388.2263,15388226,71.4501,127.6300,48.1249,98.77
923,15404.2872,15404287,71.4501,127.6300,48.1249,98.77
924,15424.4736,15424474,71.4501,127.6300,48.1249,98.77
925,15437.6709,15437671,71.4501,127.6300,48.1249,98.77
926,15455.6742,15455674,71.4501,127.6300,48.1249,98.77
927,15471.6588,15471659,71.4844,127.6431,48.1592,98.84
928,15487.6500,15487650,71.4844,127.6431,48.1592,98.84
929,15504.9471,15504947,71.4844,127.6431,48.1592,98.84
930,15521.0602,15521060,71.4844,127.6431,48.1592,98.84
931,15539.8312,15539831,71.4844,127.6431,48.1592,98.84
932,15554.5362,15554536,71.4844,127.6431,48.1592,98.84
933,15571.4065,15571406,71.4844,127.6431,48.1592,98.84
934,15588.5484,15588548,71.4844,127.6431,48.1592,98.84
935,15604.4281,15604428,71.5187,127.6562,48.1935,98.91
936,15623.5535,15623553,71.5187,127.6562,48.1935,98.91
937,15637.9576,15637958,71.5187,127.6562,48.1935,98.91
938,15658.8874,15658887,71.5187,127.6562,48.1935,98.91
939,15671.8052,15671805,71.5187,127.6562,48.1935,98.91
940,15687.9177,15687918,71.4844,127.6431,48.1592,98.84
941,15705.1509,15705151,71.5187,127.6562,48.1935,98.91
942,15721.2651,15721265,71.5187,127.6562,48.1935,98.91
943,15738.2836,15738284,71.5530,127.6694,48.2278,98.98
944,15754.7786,15754779,71.5187,127.6562,48.1935,98.91
945,15775.5408,15775541,71.5187,127.6562,48.1935,98.91
946,15788.1763,15788176,71.5530,127.6694,48.2278,98.98
947,15804.8914,15804891,71.5530,127.6694,48.2278,98.98
948,15821.9892,15821989,71.5530,127.6694,48.2278,98.98
949,15838.0910,15838091,71.5530,127.6694,48.2278,98.98
950,15855.5925,15855592,71.5530,127.6694,48.2278,98.98
951,15871.5381,15871538,71.5530,127.6694,48.2278,98.98
952,15890.7228,15890723,71.5530,127.6694,48.2278,98.98
953,15904.9778,15904978,71.5530,127.6694,48.2278,98.98
954,15926.1557,15926156,71.5530,127.6694,48.2278,98.98
955,15938.8215,15938822,71.5530,127.6694,48.2278,98.98
956,15954.9289,15954929,71.5530,127.6694,48.2278,98.98
957,15972.2935,15972293,71.5530,127.6694,48.2278,98.98
958,15988.2809,15988281,71.5530,127.6694,48.2278,98.98
959,16006.1630,16006163,71.5187,127.6562,48.1935,98.91
960,16021.8277,16021828,71.5530,127.6694,48.2278,98.98
961,16043.0775,16043078,71.5530,127.6694,48.2278,98.98
962,16055.5153,16055515,71.5530,127.6694,48.2278,98.98
963,16071.8116,16071812,71.5873,127.6825,48.2621,99.05
964,16089.0328,16089033,71.5530,127.6694,48.2278,98.98
965,16105.1282,16105128,71.5530,127.6694,48.2278,98.98
966,16122.3864,16122386,71.5530,127.6694,48.2278,98.98
967,16138.6452,16138645,71.5530,127.6694,48.2278,98.98
968,16158.8834,16158883,71.5873,127.6825,48.2621,99.05
969,16172.0774,16172077,71.5873,127.6825,48.2621,99.05
970,16193.1166,16193117,71.5873,127.6825,48.2621,99.05
971,16205.8520,16205852,71.5873,127.6825,48.2621,99.05
972,16221.9409,16221941,71.6216,127.6956,48.2964,99.12
973,16239.3263,16239326,71.6216,127.6956,48.2964,99.12
974,16255.3743,16255374,71.5873,127.6825,48.2621,99.05
975,16274.0693,16274069,71.5873,127.6825,48.2621,99.05
976,16288.8781,16288878,71.5873,127.6825,48.2621,99.05
977,16310.1844,16310184,71.6216,127.6956,48.2964,99.12
978,16322.6821,16322682,71.5873,127.6825,48.2621,99.05
979,16338.7878,16338788,71.5873,127.6825,48.2621,99.05
980,16356.1477,16356148,71.5873,127.6825,48.2621,99.05
981,16372.1859,16372186,71.5873,127.6825,48.2621,99.05
982,16389.2661,16389266,71.5873,127.6825,48.2621,99.05
983,16405.7112,16405711,71.5873,127.6825,48.2621,99.05
984,16426.0527,16426053,71.5873,127.6825,48.2621,99.05
985,16439.0904,16439090,71.5873,127.6825,48.2621,99.05
986,16458.6364,16458636,71.5873,127.6825,48.2621,99.05
987,16472.8833,16472883,71.5873,127.6825,48.2621,99.05
988,16489.0235,16489023,71.5873,127.6825,48.2621,99.05
989,16506.3843,16506384,71.5873,127.6825,48.2621,99.05
990,16522.3671,16522367,71.5873,127.6825,48.2621,99.05
991,16540.7870,16540787,71.5873,127.6825,48.2621,99.05
992,16555.9570,16555957,71.5873,127.6825,48.2621,99.05
993,16572.7105,16572711,71.6216,127.6956,48.2964,99.12
994,16589.7410,16589741,71.6216,127.6956,48.2964,99.12
995,16605.8179,16605818,71.6216,127.6956,48.2964,99.12
996,16623.7697,16623770,71.6216,127.6956,48.2964,99.12
997,16639.3964,16639396,71.6216,127.6956,48.2964,99.12
998,16660.2739,16660274,71.6216,127.6956,48.2964,99.12
999,16673.0834,16673083,71.6216,127.6956,48.2964,99.12
1000,16689.3759,16689376,71.6216,127.6956,48.2964,99.12
1001,16706.5448,16706545,71.6216,127.6956,48.2964,99.12
1002,16722.6854,16722685,71.6216,127.6956,48.2964,99.12
1003,16740.1324,16740132,71.6559,127.7087,48.3307,99.19
1004,16756.2042,16756204,71.6559,127.7087,48.3307,99.19
1005,16776.0565,16776056,71.6216,127.6956,48.2964,99.12
1006,16789.5955,16789596,71.6216,127.6956,48.2964,99.12
1007,16810.7838,16810784,71.6216,127.6956,48.2964,99.12
1008,16823.4305,16823430,71.6559,127.7087,48.3307,99.19
1009,16839.7446,16839745,71.6216,127.6956,48.2964,99.12
1010,16856.8830,16856883,71.6216,127.6956,48.2964,99.12
1011,16872.8728,16872873,71.6216,127.6956,48.2964,99.12
1012,16890.9378,16890938,71.6216,127.6956,48.2964,99.12
1013,16906.4195,16906420,71.6216,127.6956,48.2964,99.12
1014,16927.5549,16927555,71.6216,127.6956,48.2964,99.12
1015,16940.0383,16940038,71.6216,127.6956,48.2964,99.12
1016,16956.4230,16956423,71.6216,127.6956,48.2964,99.12
1017,16973.5797,16973580,71.6559,127.7087,48.3307,99.19
1018,16989.7370,16989737,71.6559,127.7087,48.3307,99.19
1019,17007.0527,17007053,71.6559,127.7087,48.3307,99.19
1020,17023.2175,17023217,71.6216,127.6956,48.2964,99.12
1021,17043.0548,17043055,71.6559,127.7087,48.3307,99.19
1022,17056.6320,17056632,71.6559,127.7087,48.3307,99.19
1023,17078.3486,17078349,71.6559,127.7087,48.3307,99.19
1024,17090.3796,17090380,71.6216,127.6956,48.2964,99.12
1025,17106.6511,17106651,71.6559,127.7087,48.3307,99.19
1026,17123.9181,17123918,71.6559,127.7087,48.3307,99.19
1027,17139.9584,17139958,71.6559,127.7087,48.3307,99.19
1028,17157.8072,17157807,71.6559,127.7087,48.3307,99.19
1029,17173.4850,17173485,71.6559,127.7087,48.3307,99.19
1030,17194.5789,17194579,71.6559,127.7087,48.3307,99.19
1031,17207.1218,17207122,71.6559,127.7087,48.3307,99.19
1032,17223.5137,17223514,71.6559,127.7087,48.3307,99.19
1033,17240.6902,17240690,71.6559,127.7087,48.3307,99.19
1034,17256.7771,17256777,71.6559,127.7087,48.3307,99.19
1035,17274.1985,17274199,71.6902,127.7219,48.3650,99.26
1036,17290.2825,17290282,71.6902,127.7219,48.3650,99.26
1037,17310.4392,17310439,71.6902,127.7219,48.3650,99.26
1038,17323.7303,17323730,71.6559,127.7087,48.3307,99.19
1039,17345.2075,17345207,71.6559,127.7087,48.3307,99.19
1040,17357.4390,17357439,71.6902,127.7219,48.3650,99.26
1041,17373.5911,17373591,71.6902,127.7219,48.3650,99.26
1042,17390.8517,17390852,71.6902,127.7219,48.3650,99.26
1043,17406.9575,17406957,71.6902,127.7219,48.3650,99.26
1044,17425.2912,17425291,71.6902,127.7219,48.3650,99.26
1045,17440.5089,17440509,71.6902,127.7219,48.3650,99.26
1046,17462.0398,17462040,71.6559,127.7087,48.3307,99.19
1047,17473.9128,17473913,71.6902,127.7219,48.3650,99.26
1048,17490.5278,17490528,71.6902,127.7219,48.3650,99.26
1049,17507.7258,17507726,71.6902,127.7219,48.3650,99.26
1050,17523.8487,17523849,71.7245,127.7350,48.3993,99.33
1051,17541.1823,17541182,71.6902,127.7219,48.3650,99.26
1052,17557.6594,17557659,71.6902,127.7219,48.3650,99.26
1053,17578.3421,17578342,71.7245,127.7350,48.3993,99.33
1054,17591.1602,17591160,71.7245,127.7350,48.3993,99.33
1055,17607.2771,17607277,71.7245,127.7350,48.3993,99.33
1056,17624.5678,17624568,71.6902,127.7219,48.3650,99.26
1057,17640.6167,17640617,71.6902,127.7219,48.3650,99.26
1058,17658.2062,17658206,71.7245,127.7350,48.3993,99.33
1059,17674.1781,17674178,71.7245,127.7350,48.3993,99.33
1060,17695.4398,17695440,71.7245,127.7350,48.3993,99.33
1061,17707.6436,17707644,71.7245,127.7350,48.3993,99.33
1062,17724.2098,17724210,71.7245,127.7350,48.3993,99.33
1063,17741.3070,17741307,71.7245,127.7350,48.3993,99.33
1064,17757.4796,17757480,71.7245,127.7350,48.3993,99.33
1065,17774.8385,17774838,71.7588,127.7481,48.4336,99.40
1066,17790.9607,17790961,71.7588,127.7481,48.4336,99.40
1067,17810.4280,17810428,71.7588,127.7481,48.4336,99.40
1068,17824.3852,17824385,71.7588,127.7481,48.4336,99.40
1069,17846.0949,17846095,71.7245,127.7350,48.3993,99.33
1070,17858.1398,17858140,71.7588,127.7481,48.4336,99.40
1071,17874.3413,17874341,71.7588,127.7481,48.4336,99.40
1072,17891.6041,17891604,71.7245,127.7350,48.3993,99.33
1073,17907.7257,17907726,71.7588,127.7481,48.4336,99.40
1074,17926.1073,17926107,71.7931,127.7612,48.4679,99.47
1075,17941.1806,17941181,71.7588,127.7481,48.4336,99.40
1076,17962.1251,17962125,71.7588,127.7481,48.4336,99.40
1077,17974.9872,17974987,71.7588,127.7481,48.4336,99.40
1078,17991.1300,17991130,71.7588,127.7481,48.4336,99.40
1079,18008.4046,18008405,71.7931,127.7612,48.4679,99.47
1080,18024.5190,18024519,71.7588,127.7481,48.4336,99.40
1081,18041.5451,18041545,71.7931,127.7612,48.4679,99.47
1082,18058.0039,18058004,71.7931,127.7612,48.4679,99.47
1083,18078.8012,18078801,71.7931,127.7612,48.4679,99.47
1084,18091.4251,18091425,71.8274,127.7744,48.5022,99.54
1085,18108.2102,18108210,71.7931,127.7612,48.4679,99.47
1086,18125.2071,18125207,71.7931,127.7612,48.4679,99.47
1087,18141.3411,18141341,71.7931,127.7612,48.4679,99.47
1088,18158.5835,18158584,71.7931,127.7612,48.4679,99.47
1089,18174.7116,18174712,71.7931,127.7612,48.4679,99.47
1090,18193.5149,18193515,71.7588,127.7481,48.4336,99.40
1091,18208.2330,18208233,71.7588,127.7481,48.4336,99.40
1092,18229.4082,18229408,71.7931,127.7612,48.4679,99.47
1093,18241.9430,18241943,71.8274,127.7744,48.5022,99.54
1094,18258.1641,18258164,71.8274,127.7744,48.5022,99.54
1095,18275.4296,18275430,71.8274,127.7744,48.5022,99.54
1096,18291.5870,18291587,71.8274,127.7744,48.5022,99.54
1097,18308.6499,18308650,71.8274,127.7744,48.5022,99.54
1098,18325.0449,18325045,71.8274,127.7744,48.5022,99.54
1099,18345.5185,18345518,71.8274,127.7744,48.5022,99.54
1100,18358.4265,18358426,71.8274,127.7744,48.5022,99.54
1101,18377.3578,18377358,71.7931,127.7612,48.4679,99.47
1102,18392.2255,18392226,71.7931,127.7612,48.4679,99.47
1103,18408.3930,18408393,71.7931,127.7612,48.4679,99.47
1104,18425.6110,18425611,71.8274,127.7744,48.5022,99.54
1105,18441.7677,18441768,71.8274,127.7744,48.5022,99.54
1106,18459.7093,18459709,71.8617,127.7875,48.5365,99.61
1107,18475.2728,18475273,71.8274,127.7744,48.5022,99.54
1108,18496.2306,18496231,71.8274,127.7744,48.5022,99.54
1109,18508.9091,18508909,71.8274,127.7744,48.5022,99.54
1110,18525.2124,18525212,71.8274,127.7744,48.5022,99.54
1111,18542.4153,18542415,71.8274,127.7744,48.5022,99.54
1112,18559.0312,18559031,71.8617,127.7875,48.5365,99.61
1113,18578.8673,18578867,71.8274,127.7744,48.5022,99.54
1114,18592.1201,18592120,71.8274,127.7744,48.5022,99.54
1115,18611.0253,18611025,71.8274,127.7744,48.5022,99.54
1116,18625.8565,18625857,71.8274,127.7744,48.5022,99.54
1117,18642.0456,18642046,71.8274,127.7744,48.5022,99.54
1118,18659.4862,18659486,71.8617,127.7875,48.5365,99.61
1119,18675.4422,18675442,71.8617,127.7875,48.5365,99.61
1120,18693.5888,18693589,71.8617,127.7875,48.5365,99.61
1121,18708.9291,18708929,71.8617,127.7875,48.5365,99.61
1122,18730.1227,18730123,71.8617,127.7875,48.5365,99.61
1123,18742.6109,18742611,71.8960,127.8006,48.5708,99.68
1124,18758.8681,18758868,71.8960,127.8006,48.5708,99.68
1125,18776.1587,18776159,71.8960,127.8006,48.5708,99.68
1126,18792.2612,18792261,71.8617,127.7875,48.5365,99.61
1127,18809.4919,18809492,71.8617,127.7875,48.5365,99.61
1128,18825.7703,18825770,71.8617,127.7875,48.5365,99.61
1129,18846.0899,18846090,71.8617,127.7875,48.5365,99.61
1130,18859.1493,18859149,71.8960,127.8006,48.5708,99.68
1131,18878.6527,18878653,71.8960,127.8006,48.5708,99.68
1132,18892.8875,18892888,71.8617,127.7875,48.5365,99.61
1133,18909.0800,18909080,71.8960,127.8006,48.5708,99.68
1134,18926.2766,18926277,71.8960,127.8006,48.5708,99.68
1135,18942.4537,18942454,71.8960,127.8006,48.5708,99.68
1136,18960.6265,18960627,71.9303,127.8137,48.6051,99.75
1137,18976.0294,18976029,71.8960,127.8006,48.5708,99.68
1138,18997.5834,18997583,71.8960,127.8006,48.5708,99.68
1139,19009.7199,19009720,71.8960,127.8006,48.5708,99.68
1140,19025.9414,19025941,71.8960,127.8006,48.5708,99.68
1141,19043.1457,19043146,71.8960,127.8006,48.5708,99.68
1142,19059.3590,19059359,71.8960,127.8006,48.5708,99.68
1143,19076.2650,19076265,71.8960,127.8006,48.5708,99.68
1144,19092.7905,19092790,71.8960,127.8006,48.5708,99.68
1145,19113.7491,19113749,71.9303,127.8137,48.6051,99.75
1146,19126.1927,19126193,71.9303,127.8137,48.6051,99.75
1147,19143.0651,19143065,71.9303,127.8137,48.6051,99.75
1148,19159.9853,19159985,71.8960,127.8006,48.5708,99.68
1149,19176.1690,19176169,71.9303,127.8137,48.6051,99.75
1150,19193.5475,19193547,71.8960,127.8006,48.5708,99.68
1151,19209.5325,19209533,71.9303,127.8137,48.6051,99.75
1152,19228.4790,19228479,71.9303,127.8137,48.6051,99.75
1153,19243.0127,19243013,71.9303,127.8137,48.6051,99.75
1154,19264.3770,19264377,71.9303,127.8137,48.6051,99.75
1155,19276.7714,19276771,71.9303,127.8137,48.6051,99.75
1156,19292.9732,19292973,71.9303,127.8137,48.6051,99.75
1157,19310.1528,19310153,71.8960,127.8006,48.5708,99.68
1158,19326.3528,19326353,71.8960,127.8006,48.5708,99.68
1159,19344.1192,19344119,71.9303,127.8137,48.6051,99.75
1160,19359.8948,19359895,71.9303,127.8137,48.6051,99.75
1161,19380.8405,19380840,71.9646,127.8268,48.6394,99.82
1162,19393.2358,19393236,71.9303,127.8137,48.6051,99.75
1163,19409.9738,19409974,71.9303,127.8137,48.6051,99.75
1164,19426.9610,19426961,71.9303,127.8137,48.6051,99.75
1165,19443.1883,19443188,71.9303,127.8137,48.6051,99.75
1166,19460.4994,19460499,71.9303,127.8137,48.6051,99.75
1167,19476.5374,19476537,71.9646,127.8268,48.6394,99.82
1168,19495.4553,19495455,71.9646,127.8268,48.6394,99.82
1169,19510.0747,19510075,71.9646,127.8268,48.6394,99.82
1170,19531.1763,19531176,71.9646,127.8268,48.6394,99.82
1171,19543.8610,19543861,71.9303,127.8137,48.6051,99.75
1172,19560.4836,19560484,71.9303,127.8137,48.6051,99.75
1173,19577.3069,19577307,71.9646,127.8268,48.6394,99.82
1174,19593.5104,19593510,71.9303,127.8137,48.6051,99.75
1175,19614.4122,19614412,71.9303,127.8137,48.6051,99.75
1176,19626.8839,19626884,71.9646,127.8268,48.6394,99.82
1177,19643.6511,19643651,71.9646,127.8268,48.6394,99.82
1178,19660.6499,19660650,71.9646,127.8268,48.6394,99.82
1179,19676.8755,19676875,71.9646,127.8268,48.6394,99.82
1180,19694.1521,19694152,71.9303,127.8137,48.6051,99.75
1181,19710.2139,19710214,71.9303,127.8137,48.6051,99.75
1182,19729.3230,19729323,71.9646,127.8268,48.6394,99.82
1183,19743.7588,19743759,71.9646,127.8268,48.6394,99.82
1184,19764.8970,19764897,71.9989,127.8400,48.6737,99.89
1185,19777.4640,19777464,71.9989,127.8400,48.6737,99.89
1186,19793.6419,19793642,71.9646,127.8268,48.6394,99.82
1187,19810.8816,19810882,71.9646,127.8268,48.6394,99.82
1188,19827.0394,19827039,71.9646,127.8268,48.6394,99.82
1189,19844.0948,19844095,71.9989,127.8400,48.6737,99.89
1190,19860.5285,19860528,71.9989,127.8400,48.6737,99.89
1191,19881.5024,19881502,71.9646,127.8268,48.6394,99.82
1192,19893.9189,19893919,71.9989,127.8400,48.6737,99.89
1193,19912.1478,19912148,71.9989,127.8400,48.6737,99.89
1194,19927.7224,19927722,71.9989,127.8400,48.6737,99.89
1195,19943.8860,19943886,71.9646,127.8268,48.6394,99.82
1196,19961.0413,19961041,71.9646,127.8268,48.6394,99.82
1197,19977.2426,19977243,71.9989,127.8400,48.6737,99.89
1198,19995.6961,19995696,71.9989,127.8400,48.6737,99.89
1199,20010.7494,20010749,71.9646,127.8268,48.6394,99.82
1200,20031.8629,20031863,71.9989,127.8400,48.6737,99.89
1201,20044.5117,20044512,71.9989,127.8400,48.6737,99.89
1202,20060.7153,20060715,71.9989,127.8400,48.6737,99.89
1203,20077.8858,20077886,71.9989,127.8400,48.6737,99.89
1204,20094.0933,20094093,71.9989,127.8400,48.6737,99.89
1205,20111.1497,20111150,71.9989,127.8400,48.6737,99.89
1206,20127.6133,20127613,71.9989,127.8400,48.6737,99.89
1207,20148.2950,20148295,72.0332,127.8531,48.7080,99.96
1208,20160.9471,20160947,72.0332,127.8531,48.7080,99.96
1209,20177.7762,20177776,72.0675,127.8662,48.7423,100.04
1210,20194.7078,20194708,72.0332,127.8531,48.7080,99.96
1211,20210.9209,20210921,72.0332,127.8531,48.7080,99.96
1212,20228.3098,20228310,72.0332,127.8531,48.7080,99.96
1213,20244.3622,20244362,72.0332,127.8531,48.7080,99.96
1214,20263.6259,20263626,72.0332,127.8531,48.7080,99.96
1215,20277.8010,20277801,72.0675,127.8662,48.7423,100.04
1216,20299.7949,20299795,72.0675,127.8662,48.7423,100.04
1217,20311.5941,20311594,72.0675,127.8662,48.7423,100.04
1218,20327.7726,20327773,72.0675,127.8662,48.7423,100.04
1219,20344.9178,20344918,72.0675,127.8662,48.7423,100.04
1220,20361.1318,20361132,72.0675,127.8662,48.7423,100.04
1221,20378.3631,20378363,72.0675,127.8662,48.7423,100.04
1222,20394.6650,20394665,72.0675,127.8662,48.7423,100.04
1223,20415.9235,20415924,72.0675,127.8662,48.7423,100.04
1224,20428.0432,20428043,72.0675,127.8662,48.7423,100.04
1225,20444.7470,20444747,72.1018,127.8793,48.7766,100.11
1226,20461.7655,20461765,72.1018,127.8793,48.7766,100.11
1227,20477.9628,20477963,72.0675,127.8662,48.7423,100.04
1228,20495.3449,20495345,72.1018,127.8793,48.7766,100.11
1229,20511.3637,20511364,72.0675,127.8662,48.7423,100.04
1230,20530.2390,20530239,72.1018,127.8793,48.7766,100.11
1231,20544.8357,20544836,72.1018,127.8793,48.7766,100.11
1232,20562.0481,20562048,72.1018,127.8793,48.7766,100.11
1233,20578.6301,20578630,72.1018,127.8793,48.7766,100.11
1234,20594.7919,20594792,72.1018,127.8793,48.7766,100.11
1235,20612.0842,20612084,72.1018,127.8793,48.7766,100.11
1236,20628.2959,20628296,72.1018,127.8793,48.7766,100.11
1237,20648.8771,20648877,72.0675,127.8662,48.7423,100.04
1238,20661.6627,20661663,72.0675,127.8662,48.7423,100.04
1239,20678.4638,20678464,72.1018,127.8793,48.7766,100.11
1240,20695.4755,20695475,72.1018,127.8793,48.7766,100.11
1241,20711.6806,20711681,72.1018,127.8793,48.7766,100.11
1242,20728.8244,20728824,72.1018,127.8793,48.7766,100.11
1243,20744.9760,20744976,72.1018,127.8793,48.7766,100.11
1244,20763.2925,20763293,72.1018,127.8793,48.7766,100.11
1245,20778.4844,20778484,72.1018,127.8793,48.7766,100.11
1246,20799.8346,20799835,72.1361,127.8925,48.8109,100.18
1247,20812.2657,20812266,72.1361,127.8925,48.8109,100.18
1248,20828.5079,20828508,72.1018,127.8793,48.7766,100.11
1249,20845.6408,20845641,72.1361,127.8925,48.8109,100.18
1250,20861.8422,20861842,72.1361,127.8925,48.8109,100.18
1251,20878.9442,20878944,72.1361,127.8925,48.8109,100.18
1252,20895.3414,20895341,72.1361,127.8925,48.8109,100.18
1253,20915.2924,20915292,72.1361,127.8925,48.8109,100.18
1254,20928.6958,20928696,72.1361,127.8925,48.8109,100.18
1255,20949.8838,20949884,72.1361,127.8925,48.8109,100.18
1256,20962.4791,20962479,72.1361,127.8925,48.8109,100.18
1257,20978.6529,20978653,72.1361,127.8925,48.8109,100.18
1258,20995.9480,20995948,72.1361,127.8925,48.8109,100.18
1259,21012.0319,21012032,72.1361,127.8925,48.8109,100.18
1260,21030.1212,21030121,72.1361,127.8925,48.8109,100.18
1261,21045.5207,21045521,72.1361,127.8925,48.8109,100.18
1262,21066.8122,21066812,72.1361,127.8925,48.8109,100.18
1263,21079.2641,21079264,72.1704,127.9056,48.8452,100.25
1264,21095.6335,21095633,72.1704,127.9056,48.8452,100.25
1265,21112.7284,21112728,72.1361,127.8925,48.8109,100.18
1266,21128.8690,21128869,72.1704,127.9056,48.8452,100.25
1267,21146.1082,21146108,72.1704,127.9056,48.8452,100.25
1268,21162.3537,21162354,72.1704,127.9056,48.8452,100.25
1269,21182.1370,21182137,72.1704,127.9056,48.8452,100.25
1270,21195.7905,21195790,72.1704,127.9056,48.8452,100.25
1271,21216.9474,21216947,72.1704,127.9056,48.8452,100.25
1272,21229.4759,21229476,72.1704,127.9056,48.8452,100.25
1273,21245.6801,21245680,72.1704,127.9056,48.8452,100.25
1274,21262.9290,21262929,72.1704,127.9056,48.8452,100.25
1275,21279.0593,21279059,72.1704,127.9056,48.8452,100.25
1276,21297.0020,21297002,72.1704,127.9056,48.8452,100.25
1277,21312.5614,21312561,72.1704,127.9056,48.8452,100.25
1278,21333.9304,21333930,72.1704,127.9056,48.8452,100.25
1279,21346.3250,21346325,72.1704,127.9056,48.8452,100.25
1280,21362.5045,21362505,72.1704,127.9056,48.8452,100.25
1281,21379.7968,21379797,72.2047,127.9187,48.8796,100.32
1282,21395.9081,21395908,72.1704,127.9056,48.8452,100.25
1283,21413.0739,21413074,72.1704,127.9056,48.8452,100.25
1284,21429.3935,21429394,72.1704,127.9056,48.8452,100.25
1285,21450.4720,21450472,72.1704,127.9056,48.8452,100.25
1286,21462.7919,21462792,72.2047,127.9187,48.8796,100.32
1287,21479.6450,21479645,72.1704,127.9056,48.8452,100.25
1288,21496.5847,21496585,72.2047,127.9187,48.8796,100.32
1289,21512.7390,21512739,72.2047,127.9187,48.8796,100.32
1290,21530.0348,21530035,72.1704,127.9056,48.8452,100.25
1291,21546.1294,21546129,72.2047,127.9187,48.8796,100.32
1292,21563.0028,21563003,72.2047,127.9187,48.8796,100.32
1293,21580.0403,21580040,72.1704,127.9056,48.8452,100.25
1294,21596.2081,21596208,72.2047,127.9187,48.8796,100.32
1295,21613.4823,21613482,72.2047,127.9187,48.8796,100.32
1296,21629.5697,21629570,72.2047,127.9187,48.8796,100.32
1297,21648.4344,21648434,72.2047,127.9187,48.8796,100.32
1298,21663.0904,21663090,72.2047,127.9187,48.8796,100.32
1299,21683.9188,21683919,72.2047,127.9187,48.8796,100.32
1300,21696.8372,21696837,72.2047,127.9187,48.8796,100.32
1301,21713.0355,21713036,72.2047,127.9187,48.8796,100.32
1302,21730.1874,21730187,72.2391,127.9318,48.9139,100.39
1303,21746.4009,21746401,72.2047,127.9187,48.8796,100.32
1304,21763.5856,21763586,72.2047,127.9187,48.8796,100.32
1305,21779.9136,21779914,72.2391,127.9318,48.9139,100.39
1306,21800.5162,21800516,72.2047,127.9187,48.8796,100.32
1307,21813.2679,21813268,72.2047,127.9187,48.8796,100.32
1308,21832.0741,21832074,72.2047,127.9187,48.8796,100.32
1309,21847.0821,21847082,72.2391,127.9318,48.9139,100.39
1310,21863.2451,21863245,72.2047,127.9187,48.8796,100.32
1311,21880.5594,21880559,72.2391,127.9318,48.9139,100.39
1312,21896.5676,21896568,72.2391,127.9318,48.9139,100.39
1313,21915.4439,21915444,72.2047,127.9187,48.8796,100.32
1314,21930.0904,21930090,72.2047,127.9187,48.8796,100.32
1315,21951.1830,21951183,72.2047,127.9187,48.8796,100.32
1316,21963.8917,21963892,72.2047,127.9187,48.8796,100.32
1317,21980.0468,21980047,72.2047,127.9187,48.8796,100.32
1318,21997.2393,21997239,72.2047,127.9187,48.8796,100.32
1319,22013.4164,22013416,72.2047,127.9187,48.8796,100.32
1320,22030.5166,22030517,72.2391,127.9318,48.9139,100.39
1321,22046.9323,22046932,72.2047,127.9187,48.8796,100.32
1322,22067.0126,22067013,72.2047,127.9187,48.8796,100.32
1323,22080.3156,22080316,72.1704,127.9056,48.8452,100.25
1324,22099.4738,22099474,72.2047,127.9187,48.8796,100.32
1325,22114.0653,22114065,72.2047,127.9187,48.8796,100.32
1326,22130.2631,22130263,72.2047,127.9187,48.8796,100.32
1327,22147.5965,22147597,72.2047,127.9187,48.8796,100.32
1328,22163.6549,22163655,72.2047,127.9187,48.8796,100.32
1329,22182.3210,22182321,72.2047,127.9187,48.8796,100.32
1330,22197.1368,22197137,72.2047,127.9187,48.8796,100.32
1331,22218.5444,22218544,72.2047,127.9187,48.8796,100.32
1332,22230.8944,22230894,72.1704,127.9056,48.8452,100.25
1333,22247.0939,22247094,72.2047,127.9187,48.8796,100.32
1334,22264.3900,22264390,72.2047,127.9187,48.8796,100.32
1335,22280.4574,22280457,72.1704,127.9056,48.8452,100.25
1336,22297.4757,22297476,72.1704,127.9056,48.8452,100.25
1337,22313.9653,22313965,72.2047,127.9187,48.8796,100.32
1338,22334.9285,22334929,72.2047,127.9187,48.8796,100.32
1339,22347.3640,22347364,72.2047,127.9187,48.8796,100.32
1340,22364.1293,22364129,72.1704,127.9056,48.8452,100.25
1341,22381.1754,22381175,72.1704,127.9056,48.8452,100.25
1342,22397.3032,22397303,72.2047,127.9187,48.8796,100.32
1343,22414.5771,22414577,72.2047,127.9187,48.8796,100.32
1344,22430.6687,22430669,72.1704,127.9056,48.8452,100.25
1345,22449.3971,22449397,72.1704,127.9056,48.8452,100.25
1346,22464.2053,22464205,72.1704,127.9056,48.8452,100.25
1347,22485.3240,22485324,72.2047,127.9187,48.8796,100.32
1348,22497.9327,22497933,72.1704,127.9056,48.8452,100.25
1349,22514.1344,22514134,72.1704,127.9056,48.8452,100.25
1350,22531.4596,22531460,72.1704,127.9056,48.8452,100.25
1351,22547.5610,22547561,72.1704,127.9056,48.8452,100.25
1352,22569.4612,22569461,72.1704,127.9056,48.8452,100.25
1353,22581.3623,22581362,72.1704,127.9056,48.8452,100.25
1354,22597.5649,22597565,72.1704,127.9056,48.8452,100.25
1355,22614.8333,22614833,72.1704,127.9056,48.8452,100.25
1356,22630.9609,22630961,72.1704,127.9056,48.8452,100.25
1357,22648.7531,22648753,72.1704,127.9056,48.8452,100.25
1358,22664.4507,22664451,72.2047,127.9187,48.8796,100.32
1359,22686.2358,22686236,72.2047,127.9187,48.8796,100.32
1360,22698.0286,22698029,72.1704,127.9056,48.8452,100.25
1361,22714.5233,22714523,72.1704,127.9056,48.8452,100.25
1362,22731.7710,22731771,72.1704,127.9056,48.8452,100.25
1363,22747.8219,22747822,72.1704,127.9056,48.8452,100.25
1364,22764.8474,22764847,72.1704,127.9056,48.8452,100.25
1365,22781.2934,22781293,72.1704,127.9056,48.8452,100.25
1366,22802.0471,22802047,72.1704,127.9056,48.8452,100.25
1367,22814.6717,22814672,72.1704,127.9056,48.8452,100.25
1368,22831.4944,22831494,72.1704,127.9056,48.8452,100.25
1369,22848.4512,22848451,72.1704,127.9056,48.8452,100.25
1370,22864.6345,22864635,72.1704,127.9056,48.8452,100.25
1371,22881.8380,22881838,72.1361,127.8925,48.8109,100.18
1372,22898.0124,22898012,72.1704,127.9056,48.8452,100.25
1373,22916.1881,22916188,72.1704,127.9056,48.8452,100.25
1374,22931.5484,22931548,72.1704,127.9056,48.8452,100.25
1375,22953.1557,22953156,72.1361,127.8925,48.8109,100.18
1376,22965.1718,22965172,72.1704,127.9056,48.8452,100.25
1377,22981.4962,22981496,72.1704,127.9056,48.8452,100.25
1378,22998.6783,22998678,72.1361,127.8925,48.8109,100.18
1379,23014.8484,23014848,72.1704,127.9056,48.8452,100.25
1380,23032.0139,23032014,72.1361,127.8925,48.8109,100.18
1381,23048.3388,23048339,72.1361,127.8925,48.8109,100.18
1382,23069.3273,23069327,72.1361,127.8925,48.8109,100.18
1383,23081.7231,23081723,72.1361,127.8925,48.8109,100.18
1384,23098.5107,23098511,72.1361,127.8925,48.8109,100.18
1385,23115.4932,23115493,72.1361,127.8925,48.8109,100.18
1386,23131.7117,23131712,72.1361,127.8925,48.8109,100.18
1387,23148.9357,23148936,72.1361,127.8925,48.8109,100.18
1388,23165.0836,23165084,72.1361,127.8925,48.8109,100.18
1389,23184.3193,23184319,72.1361,127.8925,48.8109,100.18
1390,23198.5533,23198553,72.1361,127.8925,48.8109,100.18
1391,23220.4564,23220456,72.1704,127.9056,48.8452,100.25
1392,23232.3063,23232306,72.1361,127.8925,48.8109,100.18
1393,23248.5234,23248523,72.1361,127.8925,48.8109,100.18
1394,23265.7247,23265725,72.1361,127.8925,48.8109,100.18
1395,23281.8912,23281891,72.1704,127.9056,48.8452,100.25
1396,23299.7529,23299753,72.1704,127.9056,48.8452,100.25
1397,23315.4060,23315406,72.1361,127.8925,48.8109,100.18
1398,23336.8463,23336846,72.1361,127.8925,48.8109,100.18
1399,23348.7957,23348796,72.1361,127.8925,48.8109,100.18
1400,23365.4576,23365458,72.1361,127.8925,48.8109,100.18
1401,23382.4934,23382493,72.1361,127.8925,48.8109,100.18
1402,23398.7257,23398726,72.1361,127.8925,48.8109,100.18
1403,23416.1672,23416167,72.1361,127.8925,48.8109,100.18
1404,23432.2285,23432228,72.1361,127.8925,48.8109,100.18
1405,23451.4339,23451434,72.1018,127.8793,48.7766,100.11
1406,23465.5908,23465591,72.1361,127.8925,48.8109,100.18
1407,23487.0225,23487023,72.1361,127.8925,48.8109,100.18
1408,23499.3944,23499394,72.1361,127.8925,48.8109,100.18
1409,23515.5816,23515582,72.1361,127.8925,48.8109,100.18
1410,23532.8014,23532801,72.1361,127.8925,48.8109,100.18
1411,23548.9314,23548931,72.1361,127.8925,48.8109,100.18
1412,23570.8385,23570838,72.1361,127.8925,48.8109,100.18
1413,23582.7850,23582785,72.1361,127.8925,48.8109,100.18
1414,23598.9852,23598985,72.1018,127.8793,48.7766,100.11
1415,23616.2793,23616279,72.1361,127.8925,48.8109,100.18
1416,23632.3763,23632376,72.1361,127.8925,48.8109,100.18
1417,23649.3603,23649360,72.1704,127.9056,48.8452,100.25
1418,23665.8667,23665867,72.1361,127.8925,48.8109,100.18
1419,23686.1185,23686118,72.1361,127.8925,48.8109,100.18
1420,23699.2806,23699281,72.1018,127.8793,48.7766,100.11
1421,23717.1712,23717171,72.1361,127.8925,48.8109,100.18
1422,23732.9691,23732969,72.1361,127.8925,48.8109,100.18
1423,23749.2062,23749206,72.1361,127.8925,48.8109,100.18
1424,23766.4508,23766451,72.1361,127.8925,48.8109,100.18
1425,23782.5604,23782560,72.1361,127.8925,48.8109,100.18
1426,23800.7674,23800767,72.1018,127.8793,48.7766,100.11
1427,23816.0968,23816097,72.1361,127.8925,48.8109,100.18
1428,23837.7326,23837733,72.1361,127.8925,48.8109,100.18
1429,23849.7137,23849714,72.1361,127.8925,48.8109,100.18
1430,23866.1260,23866126,72.1361,127.8925,48.8109,100.18
1431,23883.2834,23883283,72.1361,127.8925,48.8109,100.18
1432,23899.4340,23899434,72.1361,127.8925,48.8109,100.18
1433,23916.7262,23916726,72.1361,127.8925,48.8109,100.18
1434,23932.8950,23932895,72.1704,127.9056,48.8452,100.25
1435,23953.3354,23953335,72.1361,127.8925,48.8109,100.18
1436,23966.2762,23966276,72.1361,127.8925,48.8109,100.18
1437,23986.0654,23986065,72.1361,127.8925,48.8109,100.18
1438,24000.0691,24000069,72.1361,127.8925,48.8109,100.18
1439,24016.2679,24016268,72.1361,127.8925,48.8109,100.18
1440,24033.4247,24033425,72.1361,127.8925,48.8109,100.18
1441,24049.5724,24049572,72.1361,127.8925,48.8109,100.18
1442,24067.6080,24067608,72.1361,127.8925,48.8109,100.18
1443,24083.1134,24083113,72.1361,127.8925,48.8109,100.18
1444,24104.5727,24104573,72.1704,127.9056,48.8452,100.25
1445,24116.5232,24116523,72.1361,127.8925,48.8109,100.18
1446,24133.1804,24133180,72.1361,127.8925,48.8109,100.18
1447,24150.2409,24150241,72.1704,127.9056,48.8452,100.25
1448,24166.4444,24166444,72.1361,127.8925,48.8109,100.18
1449,24183.9203,24183920,72.1361,127.8925,48.8109,100.18
1450,24199.9115,24199911,72.1361,127.8925,48.8109,100.18
1451,24219.3965,24219396,72.1361,127.8925,48.8109,100.18
1452,24233.3311,24233331,72.1361,127.8925,48.8109,100.18
1453,24255.0674,24255067,72.1361,127.8925,48.8109,100.18
1454,24267.0868,24267087,72.1704,127.9056,48.8452,100.25
1455,24283.2870,24283287,72.1704,127.9056,48.8452,100.25
1456,24300.5446,24300545,72.1361,127.8925,48.8109,100.18
1457,24316.6199,24316620,72.1361,127.8925,48.8109,100.18
1458,24334.7128,24334713,72.1361,127.8925,48.8109,100.18
1459,24350.1406,24350141,72.1361,127.8925,48.8109,100.18
1460,24371.5126,24371513,72.1361,127.8925,48.8109,100.18
1461,24383.6467,24383647,72.1361,127.8925,48.8109,100.18
1462,24400.2621,24400262,72.1361,127.8925,48.8109,100.18
1463,24417.3166,24417317,72.1361,127.8925,48.8109,100.18
1464,24433.5148,24433515,72.1361,127.8925,48.8109,100.18
1465,24450.8631,24450863,72.1704,127.9056,48.8452,100.25
1466,24466.9285,24466929,72.1704,127.9056,48.8452,100.25
1467,24486.1727,24486173,72.1361,127.8925,48.8109,100.18
1468,24500.3830,24500383,72.1361,127.8925,48.8109,100.18
1469,24521.7890,24521789,72.1361,127.8925,48.8109,100.18
1470,24534.1304,24534130,72.1704,127.9056,48.8452,100.25
1471,24550.3107,24550311,72.1704,127.9056,48.8452,100.25
1472,24571.6628,24571663,72.1361,127.8925,48.8109,100.18
1473,24583.9660,24583966,72.1704,127.9056,48.8452,100.25
1474,24600.4731,24600473,72.1361,127.8925,48.8109,100.18
1475,24617.5440,24617544,72.1361,127.8925,48.8109,100.18
1476,24633.7899,24633790,72.1361,127.8925,48.8109,100.18
1477,24651.0277,24651028,72.1704,127.9056,48.8452,100.25
1478,24667.2674,24667267,72.1704,127.9056,48.8452,100.25
1479,24687.1905,24687191,72.1704,127.9056,48.8452,100.25
1480,24700.6440,24700644,72.1704,127.9056,48.8452,100.25
1481,24720.4411,24720441,72.1704,127.9056,48.8452,100.25
1482,24734.4095,24734410,72.1704,127.9056,48.8452,100.25
1483,24750.6086,24750609,72.1704,127.9056,48.8452,100.25
1484,24767.9039,24767904,72.1704,127.9056,48.8452,100.25
1485,24783.9584,24783958,72.1704,127.9056,48.8452,100.25
1486,24802.2629,24802263,72.1704,127.9056,48.8452,100.25
1487,24817.4710,24817471,72.1704,127.9056,48.8452,100.25
1488,24838.9152,24838915,72.1704,127.9056,48.8452,100.25
1489,24851.1936,24851194,72.2047,127.9187,48.8796,100.32
1490,24867.4820,24867482,72.1704,127.9056,48.8452,100.25
1491,24884.7149,24884715,72.1704,127.9056,48.8452,100.25
1492,24900.8059,24900806,72.2047,127.9187,48.8796,100.32
1493,24917.8709,24917871,72.1704,127.9056,48.8452,100.25
1494,24934.2865,24934287,72.1361,127.8925,48.8109,100.18
1495,24954.7809,24954781,72.1704,127.9056,48.8452,100.25
1496,24967.7073,24967707,72.1704,127.9056,48.8452,100.25
1497,24985.4244,24985424,72.1704,127.9056,48.8452,100.25
1498,25001.4544,25001454,72.1704,127.9056,48.8452,100.25
1499,25017.6486,25017649,72.1704,127.9056,48.8452,100.25
1500,25034.8794,25034879,72.2047,127.9187,48.8796,100.32
1501,25051.0351,25051035,72.1704,127.9056,48.8452,100.25
1502,25069.2572,25069257,72.1361,127.8925,48.8109,100.18
1503,25084.5091,25084509,72.1704,127.9056,48.8452,100.25
1504,25106.2691,25106269,72.1704,127.9056,48.8452,100.25
1505,25118.2481,25118248,72.2047,127.9187,48.8796,100.32
1506,25134.4846,25134485,72.1704,127.9056,48.8452,100.25
1507,25151.7901,25151790,72.1704,127.9056,48.8452,100.25
1508,25167.8882,25167888,72.1704,127.9056,48.8452,100.25
1509,25184.8497,25184850,72.1704,127.9056,48.8452,100.25
1510,25201.3408,25201341,72.1704,127.9056,48.8452,100.25
1511,25222.2242,25222224,72.1704,127.9056,48.8452,100.25
1512,25234.7128,25234713,72.1704,127.9056,48.8452,100.25
1513,25251.6902,25251690,72.1704,127.9056,48.8452,100.25
1514,25268.4963,25268496,72.1704,127.9056,48.8452,100.25
1515,25284.6831,25284683,72.1704,127.9056,48.8452,100.25
1516,25301.9696,25301970,72.1704,127.9056,48.8452,100.25
1517,25318.0431,25318043,72.1704,127.9056,48.8452,100.25
1518,25336.1198,25336120,72.1704,127.9056,48.8452,100.25
1519,25351.5647,25351565,72.1704,127.9056,48.8452,100.25
1520,25373.1875,25373187,72.1361,127.8925,48.8109,100.18
1521,25385.0654,25385065,72.1704,127.9056,48.8452,100.25
1522,25401.6007,25401601,72.2047,127.9187,48.8796,100.32
1523,25418.6864,25418686,72.2047,127.9187,48.8796,100.32
1524,25434.9092,25434909,72.2047,127.9187,48.8796,100.32
1525,25452.3998,25452400,72.1704,127.9056,48.8452,100.25
1526,25468.3661,25468366,72.1704,127.9056,48.8452,100.25
1527,25488.3678,25488368,72.2047,127.9187,48.8796,100.32
1528,25501.7652,25501765,72.1704,127.9056,48.8452,100.25
1529,25521.0618,25521062,72.1704,127.9056,48.8452,100.25
1530,25535.5963,25535596,72.1704,127.9056,48.8452,100.25
1531,25551.7591,25551759,72.2047,127.9187,48.8796,100.32
1532,25572.1474,25572147,72.2047,127.9187,48.8796,100.32
1533,25585.2563,25585256,72.1704,127.9056,48.8452,100.25
1534,25601.9396,25601940,72.1704,127.9056,48.8452,100.25
1535,25618.9957,25618996,72.1704,127.9056,48.8452,100.25
1536,25635.2709,25635271,72.1704,127.9056,48.8452,100.25
1537,25652.4696,25652470,72.1704,127.9056,48.8452,100.25
1538,25668.6285,25668629,72.1704,127.9056,48.8452,100.25
1539,25687.6674,25687667,72.1704,127.9056,48.8452,100.25
1540,25702.0277,25702028,72.1704,127.9056,48.8452,100.25
1541,25723.5666,25723567,72.1704,127.9056,48.8452,100.25
1542,25735.8647,25735865,72.2047,127.9187,48.8796,100.32
1543,25752.0267,25752027,72.2047,127.9187,48.8796,100.32
1544,25769.1830,25769183,72.2047,127.9187,48.8796,100.32
1545,25785.3548,25785355,72.2047,127.9187,48.8796,100.32
1546,25802.7060,25802706,72.2047,127.9187,48.8796,100.32
1547,25818.8736,25818874,72.2047,127.9187,48.8796,100.32
1548,25840.2198,25840220,72.2047,127.9187,48.8796,100.32
1549,25852.2864,25852286,72.2047,127.9187,48.8796,100.32
1550,25868.9584,25868958,72.1704,127.9056,48.8452,100.25
1551,25886.0146,25886015,72.1704,127.9056,48.8452,100.25
1552,25902.2024,25902202,72.1704,127.9056,48.8452,100.25
1553,25919.5203,25919520,72.2047,127.9187,48.8796,100.32
1554,25935.5540,25935554,72.2391,127.9318,48.9139,100.39
1555,25953.8001,25953800,72.2047,127.9187,48.8796,100.32
1556,25969.0805,25969080,72.2047,127.9187,48.8796,100.32
1557,25990.0884,25990088,72.2047,127.9187,48.8796,100.32
1558,26002.7922,26002792,72.2047,127.9187,48.8796,100.32
1559,26019.0608,26019061,72.2047,127.9187,48.8796,100.32
1560,26036.3122,26036312,72.1704,127.9056,48.8452,100.25
1561,26052.4070,26052407,72.2047,127.9187,48.8796,100.32
1562,26069.5707,26069571,72.2391,127.9318,48.9139,100.39
1563,26085.8903,26085890,72.2047,127.9187,48.8796,100.32
1564,26106.0190,26106019,72.2047,127.9187,48.8796,100.32
1565,26119.3000,26119300,72.2047,127.9187,48.8796,100.32
1566,26140.7945,26140794,72.2047,127.9187,48.8796,100.32
1567,26153.0251,26153025,72.2047,127.9187,48.8796,100.32
1568,26169.2439,26169244,72.2047,127.9187,48.8796,100.32
1569,26186.5189,26186519,72.2391,127.9318,48.9139,100.39
1570,26202.6658,26202666,72.2047,127.9187,48.8796,100.32
1571,26221.3831,26221383,72.1704,127.9056,48.8452,100.25
1572,26236.1305,26236130,72.2047,127.9187,48.8796,100.32
1573,26257.1650,26257165,72.2391,127.9318,48.9139,100.39
1574,26269.8354,26269835,72.2391,127.9318,48.9139,100.39
1575,26286.0768,26286077,72.2391,127.9318,48.9139,100.39
1576,26303.3609,26303361,72.2391,127.9318,48.9139,100.39
1577,26319.4875,26319487,72.2391,127.9318,48.9139,100.39
1578,26337.0326,26337033,72.2047,127.9187,48.8796,100.32
1579,26352.9496,26352950,72.2047,127.9187,48.8796,100.32
1580,26374.2417,26374242,72.2047,127.9187,48.8796,100.32
1581,26386.3463,26386346,72.2047,127.9187,48.8796,100.32
1582,26403.0057,26403006,72.2047,127.9187,48.8796,100.32
1583,26420.1707,26420171,72.2391,127.9318,48.9139,100.39
1584,26436.2769,26436277,72.2047,127.9187,48.8796,100.32
1585,26453.6941,26453694,72.2047,127.9187,48.8796,100.32
1586,26469.7509,26469751,72.2391,127.9318,48.9139,100.39
1587,26489.6153,26489615,72.2047,127.9187,48.8796,100.32
1588,26503.1503,26503150,72.2047,127.9187,48.8796,100.32
1589,26523.8729,26523873,72.2047,127.9187,48.8796,100.32
1590,26536.8838,26536884,72.2047,127.9187,48.8796,100.32
1591,26553.4239,26553424,72.2047,127.9187,48.8796,100.32
1592,26572.4912,26572491,72.2047,127.9187,48.8796,100.32
1593,26586.6026,26586603,72.2047,127.9187,48.8796,100.32
1594,26603.4902,26603490,72.2047,127.9187,48.8796,100.32
1595,26620.3770,26620377,72.2047,127.9187,48.8796,100.32
1596,26636.5771,26636577,72.2047,127.9187,48.8796,100.32
1597,26653.7581,26653758,72.2047,127.9187,48.8796,100.32
1598,26669.8900,26669890,72.2047,127.9187,48.8796,100.32
1599,26688.4650,26688465,72.2047,127.9187,48.8796,100.32
1600,26703.4544,26703454,72.2047,127.9187,48.8796,100.32
1601,26724.8307,26724831,72.2047,127.9187,48.8796,100.32
1602,26736.9447,26736945,72.2047,127.9187,48.8796,100.32
1603,26753.4591,26753459,72.1704,127.9056,48.8452,100.25
1604,26770.5605,26770561,72.1704,127.9056,48.8452,100.25
1605,26786.7547,26786755,72.2047,127.9187,48.8796,100.32
1606,26804.1777,26804178,72.2047,127.9187,48.8796,100.32
1607,26820.2601,26820260,72.2047,127.9187,48.8796,100.32
1608,26839.9665,26839967,72.2047,127.9187,48.8796,100.32
1609,26853.6246,26853625,72.2047,127.9187,48.8796,100.32
1610,26874.7584,26874758,72.1704,127.9056,48.8452,100.25
1611,26887.4541,26887454,72.2047,127.9187,48.8796,100.32
1612,26903.6210,26903621,72.2047,127.9187,48.8796,100.32
1613,26920.8171,26920817,72.2047,127.9187,48.8796,100.32
1614,26936.9164,26936916,72.2391,127.9318,48.9139,100.39
1615,26955.0549,26955055,72.2047,127.9187,48.8796,100.32
1616,26970.4562,26970456,72.1704,127.9056,48.8452,100.25
1617,26991.6311,26991631,72.1704,127.9056,48.8452,100.25
1618,27004.2297,27004230,72.2047,127.9187,48.8796,100.32
1619,27020.4130,27020413,72.1704,127.9056,48.8452,100.25
1620,27037.6144,27037614,72.2047,127.9187,48.8796,100.32
1621,27053.7641,27053764,72.2047,127.9187,48.8796,100.32
1622,27071.0521,27071052,72.1704,127.9056,48.8452,100.25
1623,27087.3109,27087311,72.1704,127.9056,48.8452,100.25
1624,27107.3501,27107350,72.2047,127.9187,48.8796,100.32
1625,27120.6662,27120666,72.1704,127.9056,48.8452,100.25
1626,27142.5950,27142595,72.1704,127.9056,48.8452,100.25
1627,27154.4548,27154455,72.1704,127.9056,48.8452,100.25
1628,27170.6518,27170652,72.1704,127.9056,48.8452,100.25
1629,27187.9579,27187958,72.1704,127.9056,48.8452,100.25
1630,27204.0225,27204023,72.1704,127.9056,48.8452,100.25
1631,27222.1633,27222163,72.1704,127.9056,48.8452,100.25
1632,27237.4917,27237492,72.1704,127.9056,48.8452,100.25
1633,27258.5042,27258504,72.1361,127.8925,48.8109,100.18
1634,27270.9705,27270970,72.1361,127.8925,48.8109,100.18
1635,27287.5964,27287596,72.1704,127.9056,48.8452,100.25
1636,27304.7009,27304701,72.1704,127.9056,48.8452,100.25
1637,27320.8382,27320838,72.1704,127.9056,48.8452,100.25
1638,27338.1504,27338150,72.1704,127.9056,48.8452,100.25
1639,27354.3064,27354306,72.1704,127.9056,48.8452,100.25
1640,27374.1133,27374113,72.1704,127.9056,48.8452,100.25
1641,27387.7611,27387761,72.1361,127.8925,48.8109,100.18
1642,27408.5227,27408523,72.1361,127.8925,48.8109,100.18
1643,27421.4993,27421499,72.1361,127.8925,48.8109,100.18
1644,27437.6797,27437680,72.1704,127.9056,48.8452,100.25
1645,27454.9311,27454931,72.1361,127.8925,48.8109,100.18
1646,27471.0234,27471023,72.1361,127.8925,48.8109,100.18
1647,27489.0873,27489087,72.1361,127.8925,48.8109,100.18
1648,27504.5236,27504524,72.1018,127.8793,48.7766,100.11
1649,27526.1048,27526105,72.1361,127.8925,48.8109,100.18
1650,27538.1895,27538190,72.1018,127.8793,48.7766,100.11
1651,27555.5843,27555584,72.1018,127.8793,48.7766,100.11
1652,27572.5082,27572508,72.1018,127.8793,48.7766,100.11
1653,27588.0172,27588017,72.1361,127.8925,48.8109,100.18
1654,27605.3090,27605309,72.1361,127.8925,48.8109,100.18
1655,27621.7646,27621765,72.1018,127.8793,48.7766,100.11
1656,27637.9307,27637931,72.1361,127.8925,48.8109,100.18
1657,27655.1434,27655143,72.1361,127.8925,48.8109,100.18
1658,27671.2924,27671292,72.1361,127.8925,48.8109,100.18
1659,27689.0724,27689072,72.1361,127.8925,48.8109,100.18
1660,27704.8670,27704867,72.1361,127.8925,48.8109,100.18
1661,27725.8441,27725844,72.1361,127.8925,48.8109,100.18
1662,27738.2052,27738205,72.1018,127.8793,48.7766,100.11
1663,27754.8857,27754886,72.1361,127.8925,48.8109,100.18
1664,27772.0227,27772023,72.1361,127.8925,48.8109,100.18
1665,27788.1568,27788157,72.1361,127.8925,48.8109,100.18
1666,27805.4281,27805428,72.1361,127.8925,48.8109,100.18
1667,27821.6052,27821605,72.1018,127.8793,48.7766,100.11
1668,27840.6569,27840657,72.1361,127.8925,48.8109,100.18
1669,27855.0231,27855023,72.1018,127.8793,48.7766,100.11
1670,27876.4724,27876472,72.1018,127.8793,48.7766,100.11
1671,27888.7748,27888775,72.1018,127.8793,48.7766,100.11
1672,27904.9846,27904985,72.1018,127.8793,48.7766,100.11
1673,27922.2145,27922215,72.1018,127.8793,48.7766,100.11
1674,27938.3052,27938305,72.1018,127.8793,48.7766,100.11
1675,27956.2745,27956274,72.1018,127.8793,48.7766,100.11
1676,27971.9034,27971903,72.1018,127.8793,48.7766,100.11
1677,27993.1909,27993191,72.1018,127.8793,48.7766,100.11
1678,28005.2571,28005257,72.1018,127.8793,48.7766,100.11
1679,28021.9163,28021916,72.0675,127.8662,48.7423,100.04
1680,28038.9876,28038988,72.1018,127.8793,48.7766,100.11
1681,28055.1623,28055162,72.1018,127.8793,48.7766,100.11
1682,28072.5880,28072588,72.0675,127.8662,48.7423,100.04
1683,28088.6695,28088669,72.0675,127.8662,48.7423,100.04
1684,28108.7201,28108720,72.1018,127.8793,48.7766,100.11
1685,28122.0644,28122064,72.1018,127.8793,48.7766,100.11
1686,28143.5518,28143552,72.1018,127.8793,48.7766,100.11
1687,28155.8547,28155855,72.1018,127.8793,48.7766,100.11
1688,28172.0296,28172030,72.1018,127.8793,48.7766,100.11
1689,28189.2147,28189215,72.1018,127.8793,48.7766,100.11
1690,28205.3770,28205377,72.1018,127.8793,48.7766,100.11
1691,28223.3824,28223382,72.0675,127.8662,48.7423,100.04
1692,28238.9220,28238922,72.0675,127.8662,48.7423,100.04
1693,28260.4807,28260481,72.0675,127.8662,48.7423,100.04
1694,28272.6205,28272620,72.0675,127.8662,48.7423,100.04
1695,28288.8634,28288863,72.0675,127.8662,48.7423,100.04
1696,28306.0459,28306046,72.1018,127.8793,48.7766,100.11
1697,28322.1996,28322200,72.1018,127.8793,48.7766,100.11
1698,28339.3914,28339391,72.0675,127.8662,48.7423,100.04
1699,28355.7609,28355761,72.0675,127.8662,48.7423,100.04
1700,28376.8577,28376858,72.0675,127.8662,48.7423,100.04
1701,28389.1187,28389119,72.0675,127.8662,48.7423,100.04
1702,28405.9024,28405902,72.0675,127.8662,48.7423,100.04
1703,28422.8862,28422886,72.0675,127.8662,48.7423,100.04
1704,28439.0827,28439083,72.0675,127.8662,48.7423,100.04
1705,28456.5953,28456595,72.1018,127.8793,48.7766,100.11
1706,28472.4241,28472424,72.1018,127.8793,48.7766,100.11
1707,28491.4024,28491402,72.0675,127.8662,48.7423,100.04
1708,28505.9259,28505926,72.1018,127.8793,48.7766,100.11
1709,28526.7261,28526726,72.1018,127.8793,48.7766,100.11
1710,28539.7712,28539771,72.0675,127.8662,48.7423,100.04
1711,28556.4092,28556409,72.1018,127.8793,48.7766,100.11
1712,28572.8199,28572820,72.1018,127.8793,48.7766,100.11
1713,28589.3798,28589380,72.0675,127.8662,48.7423,100.04
1714,28608.8566,28608857,72.0675,127.8662,48.7423,100.04
1715,28623.1546,28623155,72.0675,127.8662,48.7423,100.04
1716,28639.3641,28639364,72.1018,127.8793,48.7766,100.11
1717,28656.6034,28656603,72.1018,127.8793,48.7766,100.11
1718,28672.6767,28672677,72.1018,127.8793,48.7766,100.11
1719,28691.0075,28691007,72.1018,127.8793,48.7766,100.11
1720,28706.2163,28706216,72.1018,127.8793,48.7766,100.11
1721,28727.5184,28727518,72.1018,127.8793,48.7766,100.11
1722,28739.9801,28739980,72.1018,127.8793,48.7766,100.11
1723,28756.2076,28756208,72.1018,127.8793,48.7766,100.11
1724,28773.4380,28773438,72.1018,127.8793,48.7766,100.11
1725,28789.5417,28789542,72.1018,127.8793,48.7766,100.11
1726,28806.6507,28806651,72.1018,127.8793,48.7766,100.11
1727,28823.0354,28823035,72.0675,127.8662,48.7423,100.04
1728,28843.2068,28843207,72.0675,127.8662,48.7423,100.04
1729,28856.4226,28856423,72.1018,127.8793,48.7766,100.11
1730,28877.5559,28877556,72.0675,127.8662,48.7423,100.04
1731,28890.1834,28890183,72.1018,127.8793,48.7766,100.11
1732,28906.3784,28906378,72.1018,127.8793,48.7766,100.11
1733,28923.6971,28923697,72.1018,127.8793,48.7766,100.11
1734,28939.7424,28939742,72.0675,127.8662,48.7423,100.04
1735,28957.9083,28957908,72.1018,127.8793,48.7766,100.11
1736,28973.2508,28973251,72.1018,127.8793,48.7766,100.11
1737,28993.6801,28993680,72.0675,127.8662,48.7423,100.04
1738,29007.0239,29007024,72.1018,127.8793,48.7766,100.11
1739,29023.2091,29023209,72.0675,127.8662,48.7423,100.04
1740,29040.5151,29040515,72.1018,127.8793,48.7766,100.11
1741,29056.5573,29056557,72.1018,127.8793,48.7766,100.11
1742,29073.6171,29073617,72.1018,127.8793,48.7766,100.11
1743,29090.0880,29090088,72.1018,127.8793,48.7766,100.11
1744,29110.6756,29110676,72.1018,127.8793,48.7766,100.11
1745,29123.4854,29123485,72.1018,127.8793,48.7766,100.11
1746,29140.3268,29140327,72.1018,127.8793,48.7766,100.11
1747,29157.2270,29157227,72.0675,127.8662,48.7423,100.04
1748,29173.4111,29173411,72.0675,127.8662,48.7423,100.04
1749,29190.6897,29190690,72.1018,127.8793,48.7766,100.11
1750,29206.7548,29206755,72.1018,127.8793,48.7766,100.11
1751,29224.9758,29224976,72.1018,127.8793,48.7766,100.11
1752,29240.3130,29240313,72.0675,127.8662,48.7423,100.04
1753,29261.4488,29261449,72.0675,127.8662,48.7423,100.04
1754,29273.8414,29273841,72.0675,127.8662,48.7423,100.04
1755,29290.3823,29290382,72.1018,127.8793,48.7766,100.11
1756,29307.5560,29307556,72.1361,127.8925,48.8109,100.18
1757,29323.6200,29323620,72.1018,127.8793,48.7766,100.11
1758,29340.9712,29340971,72.0675,127.8662,48.7423,100.04
1759,29357.0618,29357062,72.1018,127.8793,48.7766,100.11
1760,29376.3505,29376351,72.1018,127.8793,48.7766,100.11
1761,29390.5111,29390511,72.1018,127.8793,48.7766,100.11
1762,29411.2489,29411249,72.0675,127.8662,48.7423,100.04
1763,29424.3379,29424338,72.1018,127.8793,48.7766,100.11
1764,29440.4601,29440460,72.1018,127.8793,48.7766,100.11
1765,29457.7129,29457713,72.0675,127.8662,48.7423,100.04
1766,29473.8130,29473813,72.0675,127.8662,48.7423,100.04
1767,29491.7016,29491702,72.1018,127.8793,48.7766,100.11
1768,29507.3657,29507366,72.1018,127.8793,48.7766,100.11
1769,29528.1105,29528111,72.0675,127.8662,48.7423,100.04
1770,29540.9039,29540904,72.0675,127.8662,48.7423,100.04
1771,29557.7211,29557721,72.0675,127.8662,48.7423,100.04
1772,29573.9784,29573978,72.1018,127.8793,48.7766,100.11
1773,29590.7978,29590798,72.0675,127.8662,48.7423,100.04
1774,29612.0074,29612007,72.0675,127.8662,48.7423,100.04
1775,29624.5760,29624576,72.0675,127.8662,48.7423,100.04
1776,29640.7432,29640743,72.0675,127.8662,48.7423,100.04
1777,29657.9666,29657967,72.0675,127.8662,48.7423,100.04
1778,29674.1041,29674104,72.0675,127.8662,48.7423,100.04
1779,29692.1153,29692115,72.0675,127.8662,48.7423,100.04
1780,29707.7004,29707700,72.0675,127.8662,48.7423,100.04
1781,29729.3011,29729301,72.0675,127.8662,48.7423,100.04
1782,29741.3698,29741370,72.0675,127.8662,48.7423,100.04
1783,29757.5696,29757570,72.0675,127.8662,48.7423,100.04
1784,29774.8261,29774826,72.0675,127.8662,48.7423,100.04
1785,29790.9446,29790945,72.1018,127.8793,48.7766,100.11
1786,29808.2609,29808261,72.0675,127.8662,48.7423,100.04
1787,29824.4490,29824449,72.0675,127.8662,48.7423,100.04
1788,29845.7404,29845740,72.0675,127.8662,48.7423,100.04
1789,29857.8497,29857850,72.0332,127.8531,48.7080,99.96
1790,29874.5800,29874580,72.0332,127.8531,48.7080,99.96
1791,29891.6460,29891646,72.0675,127.8662,48.7423,100.04
1792,29907.7947,29907795,72.0332,127.8531,48.7080,99.96
1793,29925.0588,29925059,72.0675,127.8662,48.7423,100.04
1794,29941.1160,29941116,72.0332,127.8531,48.7080,99.96
1795,29959.6261,29959626,72.0675,127.8662,48.7423,100.04
1796,29974.6560,29974656,72.0332,127.8531,48.7080,99.96
1797,29996.3966,29996397,72.0675,127.8662,48.7423,100.04
1798,30008.4714,30008471,72.0675,127.8662,48.7423,100.04
